AccelX,AccelY,AccelZ,GyroX,GyroY,GyroZ
-26,-371,16518,0,-4,0
-43,-388,16512,1,-4,2
-29,-382,16521,-1,-5,2
-28,-390,16513,2,-3,1
-24,-392,16499,2,-6,2
-25,-380,16527,-1,-5,2
-17,-399,16523,-1,-7,1
-10,-368,16540,0,-3,2
-14,-356,16517,0,-5,2
-25,-376,16524,-1,-6,3
-27,-370,16536,0,-5,2
-24,-375,16533,1,-5,3
-34,-379,16532,-2,-3,0
-27,-370,16552,-1,-5,2
-33,-383,16525,1,-6,2
-31,-389,16517,-1,-4,1
-25,-375,16529,-1,-5,0
-25,-369,16544,1,-7,2
-30,-393,16527,-1,-6,1
-20,-362,16544,0,-5,2
-27,-387,16535,0,-5,2
-9,-384,16541,0,-5,2
-30,-386,16543,-1,-5,-1
-15,-368,16543,0,-6,2
-50,-376,16539,0,-4,2
-30,-374,16539,0,-6,1
-36,-387,16524,0,-6,2
-35,-378,16522,-1,-4,0
-36,-387,16529,1,-5,4
-25,-367,16546,-2,-5,2
-31,-386,16519,0,-6,2
-18,-369,16538,1,-4,1
-20,-368,16535,-1,-5,0
-14,-372,16519,-1,-5,1
-21,-371,16527,1,-5,0
-31,-375,16546,0,-4,1
-7,-361,16518,0,-5,0
-21,-373,16531,0,-5,2
-6,-362,16543,-1,-5,2
-34,-387,16535,0,-4,2
-42,-374,16545,0,-4,3
-17,-371,16547,-1,-4,0
-25,-359,16547,-1,-6,2
-23,-376,16545,0,-5,1
-19,-352,16547,-1,-5,4
-10,-356,16549,0,-6,0
-20,-369,16545,1,-5,3
-27,-368,16550,0,-5,0
-10,-384,16526,-1,-6,2
-40,-386,16532,0,-6,3
-32,-376,16535,-1,-4,2
-4,-357,16533,-2,-5,3
-23,-382,16547,-1,-5,1
-23,-375,16530,1,-5,2
-16,-362,16531,-2,-4,1
-27,-377,16538,-1,-7,2
-33,-382,16522,-2,-6,2
-31,-382,16529,-1,-5,4
-21,-366,16535,-2,-4,1
-20,-369,16529,-1,-5,2
-19,-375,16528,0,-6,2
-37,-382,16534,-2,-4,3
-16,-378,16521,-2,-4,2
-37,-372,16528,0,-5,0
-21,-369,16540,-1,-6,0
-39,-387,16525,0,-4,0
-34,-361,16543,1,-6,3
-43,-389,16523,0,-6,-1
-26,-389,16534,0,-6,2
-33,-384,16547,-2,-6,2
-37,-379,16528,1,-5,2
-23,-382,16529,-1,-6,2
-30,-366,16524,0,-5,2
-6,-360,16544,0,-4,1
-23,-380,16536,0,-7,1
-9,-365,16542,-1,-6,2
-29,-388,16533,-1,-4,2
-37,-375,16527,-1,-5,0
-35,-368,16551,-2,-6,2
-21,-392,16510,0,-5,1
-30,-379,16524,-1,-5,3
-16,-389,16520,0,-8,1
-32,-371,16531,0,-5,2
-33,-381,16532,-1,-5,3
-18,-372,16551,-2,-7,1
-40,-372,16518,-1,-4,2
-47,-380,16521,1,-5,3
-32,-388,16512,-1,-4,1
-17,-367,16528,0,-5,1
-8,-379,16534,-1,-7,2
-33,-355,16537,-1,-7,2
-27,-368,16541,0,-7,1
-36,-380,16528,1,-5,1
-35,-361,16534,-1,-7,1
-22,-384,16532,0,-5,2
-30,-388,16519,-1,-6,2
-19,-368,16533,0,-7,1
-28,-378,16524,0,-4,1
-19,-374,16548,-1,-5,3
-38,-392,16525,-1,-5,2
-26,-370,16536,-1,-5,1
-33,-387,16527,-1,-7,1
-25,-375,16531,-1,-5,2
-37,-392,16542,0,-5,1
-36,-388,16514,-1,-5,1
-37,-369,16536,-1,-4,2
-14,-362,16534,0,-5,2
-24,-367,16537,0,-5,1
-35,-380,16521,-2,-6,1
-40,-397,16506,-1,-5,1
-22,-383,16524,-3,-5,2
-21,-393,16534,0,-6,1
-14,-389,16533,-1,-6,1
-26,-378,16543,-2,-5,-1
-25,-381,16527,1,-4,0
-32,-386,16515,-1,-7,2
-53,-371,16525,-2,-4,3
-26,-366,16502,0,-4,1
-16,-376,16533,0,-5,1
-36,-381,16525,1,-6,3
-37,-390,16518,-1,-7,2
-15,-389,16522,-3,-5,0
-18,-368,16528,0,-4,0
-19,-390,16540,1,-5,2
-38,-374,16518,-1,-8,1
-25,-383,16531,0,-5,2
-30,-388,16524,0,-6,1
-35,-368,16532,-3,-6,5
-31,-388,16530,0,-6,2
-42,-389,16520,-1,-5,2
-17,-368,16547,-2,-4,3
-25,-387,16531,2,-7,1
-32,-370,16506,0,-6,2
-19,-379,16503,0,-6,0
-17,-366,16553,0,-6,1
-24,-374,16526,0,-6,1
-35,-389,16502,0,-5,0
-33,-375,16520,-1,-5,1
-33,-376,16535,-1,-6,1
-20,-388,16523,-2,-6,1
-24,-371,16543,1,-7,1
-32,-378,16539,0,-6,2
-31,-377,16527,-1,-5,0
-40,-378,16516,-1,-6,3
-21,-365,16524,-1,-6,2
-31,-382,16527,-1,-6,1
-20,-366,16519,0,-4,1
-40,-393,16524,0,-6,4
-4,-373,16538,-2,-5,1
-28,-369,16535,-2,-6,1
-27,-378,16521,0,-4,2
-29,-378,16540,0,-6,2
-34,-378,16517,0,-5,0
-39,-384,16527,-1,-6,3
-45,-389,16527,1,-6,2
-33,-391,16530,0,-6,2
-28,-367,16527,1,-5,1
-50,-373,16507,1,-5,2
-35,-375,16522,-2,-6,3
-41,-376,16540,1,-6,2
-21,-382,16527,1,-6,2
-18,-398,16514,0,-7,0
-12,-385,16526,0,-6,1
-7,-378,16534,-2,-5,1
-14,-370,16525,3,-5,2
-26,-376,16534,0,-5,3
-51,-380,16528,0,-5,2
-25,-378,16516,1,-6,3
-42,-383,16511,0,-4,1
-37,-382,16520,1,-7,0
-23,-381,16535,0,-6,2
-33,-385,16523,-1,-7,2
-55,-376,16526,0,-5,3
-43,-348,16525,-1,-7,1
-35,-353,16543,0,-5,1
-27,-371,16544,0,-5,3
-12,-383,16537,0,-5,1
-28,-370,16510,0,-4,2
-8,-358,16550,-1,-6,-1
-50,-395,16526,-1,-5,2
-34,-373,16529,2,-7,0
-23,-378,16534,0,-5,0
-38,-371,16516,0,-6,2
-30,-375,16529,0,-6,1
-42,-375,16542,1,-5,1
-15,-376,16555,-1,-5,2
-22,-370,16525,-1,-7,2
-22,-373,16519,-1,-6,3
-32,-366,16531,-1,-8,1
-37,-392,16532,-1,-5,2
-34,-391,16529,0,-5,2
-25,-367,16521,1,-4,1
-46,-385,16528,-1,-6,3
-49,-368,16510,1,-5,4
-29,-379,16522,1,-6,2
-38,-385,16504,-2,-5,0
-46,-399,16521,0,-5,1
-36,-374,16547,-2,-6,2
-24,-368,16547,0,-6,3
-40,-378,16536,0,-5,2
-26,-388,16507,1,-4,1
-24,-390,16520,0,-7,3
-50,-379,16527,0,-4,1
-41,-388,16537,0,-6,0
-48,-381,16518,0,-4,2
-39,-384,16532,0,-5,2
-39,-398,16529,0,-5,1
-30,-380,16532,-2,-6,2
-25,-362,16527,-1,-6,0
-21,-356,16533,-1,-6,2
-38,-364,16530,-1,-6,3
-43,-374,16542,0,-7,0
-42,-381,16524,0,-6,1
-30,-390,16540,0,-5,3
-27,-385,16525,-2,-9,4
-26,-398,16535,1,-5,2
-29,-380,16535,-1,-5,1
-25,-381,16528,-1,-5,3
-30,-380,16519,0,-6,1
-34,-379,16520,-1,-4,1
-42,-380,16530,0,-6,3
-25,-372,16540,-1,-6,-1
-32,-370,16528,-1,-4,2
-20,-381,16534,0,-6,0
-16,-364,16537,1,-6,1
-15,-373,16537,-2,-5,2
-23,-356,16524,1,-5,1
-29,-360,16539,0,-4,0
-32,-374,16516,0,-5,2
-17,-377,16528,0,-6,1
-11,-373,16526,0,-7,3
-10,-366,16524,0,-6,2
-31,-376,16563,-2,-6,1
-35,-372,16537,1,-6,0
-32,-393,16540,0,-6,1
-23,-373,16527,0,-8,2
-16,-381,16541,-1,-7,2
-27,-374,16527,-1,-6,3
-20,-368,16527,-1,-7,3
-22,-361,16546,1,-8,0
-37,-372,16522,1,-6,2
-28,-373,16500,1,-6,2
-26,-384,16535,0,-7,2
-34,-387,16539,0,-7,2
-19,-372,16524,-1,-5,3
-25,-368,16535,2,-6,1
-24,-374,16545,-1,-5,4
-39,-386,16516,1,-5,2
-21,-370,16529,0,-5,1
-26,-394,16534,0,-5,2
-27,-370,16534,0,-6,1
-20,-383,16538,0,-7,2
-23,-380,16535,1,-6,2
-27,-358,16535,0,-6,2
-34,-386,16527,-1,-6,2
-25,-389,16527,1,-6,2
-45,-376,16531,0,-6,2
-22,-403,16521,0,-5,2
-32,-373,16529,2,-6,1
-44,-398,16508,-1,-6,3
-37,-382,16534,0,-5,2
-31,-378,16532,-1,-6,2
-34,-383,16518,0,-6,1
-27,-396,16542,0,-7,2
-36,-392,16529,0,-5,2
-30,-388,16512,0,-5,2
-18,-382,16525,1,-5,3
-43,-380,16529,-1,-5,1
-32,-371,16531,0,-4,-1
-38,-367,16529,0,-4,2
-30,-380,16534,-1,-6,2
-11,-379,16527,0,-6,1
-20,-374,16535,1,-5,1
-49,-364,16534,0,-6,2
-30,-378,16519,-1,-5,0
-33,-376,16532,-1,-6,0
-31,-388,16531,-1,-6,3
-38,-375,16528,0,-4,1
-35,-379,16520,-1,-6,2
-33,-375,16527,-2,-6,2
-24,-374,16525,-1,-5,2
-41,-381,16522,-1,-6,2
-36,-377,16531,-2,-6,2
-47,-403,16528,1,-7,2
-14,-382,16540,1,-7,1
-21,-369,16526,-1,-6,2
-23,-378,16542,0,-6,1
-46,-385,16543,0,-6,2
-37,-392,16524,1,-7,1
-54,-392,16509,0,-4,1
-15,-375,16521,1,-7,0
-20,-401,16529,0,-6,3
-46,-386,16539,-1,-7,1
-42,-371,16515,1,-8,2
-26,-376,16513,-2,-6,1
-49,-370,16520,-1,-6,2
-42,-381,16533,-1,-7,2
-37,-384,16530,-1,-8,2
-53,-374,16516,0,-5,2
-23,-368,16525,0,-7,3
-34,-386,16527,0,-5,1
-30,-358,16547,0,-6,3
-17,-367,16509,0,-5,4
-18,-394,16523,-1,-7,3
-38,-382,16531,-1,-5,1
-39,-366,16541,1,-5,3
-43,-365,16523,0,-4,0
-29,-386,16527,1,-6,2
-28,-392,16527,2,-5,2
-32,-388,16531,2,-7,1
-26,-375,16518,-2,-6,2
-57,-390,16525,2,-4,2
-16,-383,16538,1,-6,3
-32,-385,16532,1,-7,2
-32,-365,16539,3,-6,1
-34,-383,16525,1,-5,2
-56,-375,16539,1,-4,3
-27,-369,16533,0,-6,2
-44,-383,16514,1,-5,3
-44,-392,16510,0,-7,4
-32,-357,16528,0,-8,2
-45,-390,16528,0,-6,1
-54,-385,16524,0,-6,2
-10,-380,16524,0,-6,0
-28,-374,16523,0,-8,2
-38,-388,16519,2,-6,0
-57,-374,16528,0,-5,0
-34,-375,16528,-1,-7,0
-24,-378,16538,-1,-6,4
-26,-383,16508,0,-5,3
-23,-366,16501,0,-7,2
-42,-373,16525,1,-7,2
-29,-385,16539,-1,-5,2
-46,-380,16530,-1,-7,0
-35,-377,16532,-1,-5,0
-42,-386,16522,0,-7,1
-27,-362,16520,0,-6,2
-35,-379,16523,-1,-5,0
-45,-387,16522,1,-6,3
-44,-400,16513,1,-5,3
-33,-392,16530,-1,-5,2
-44,-388,16505,1,-6,2
-30,-383,16514,0,-5,2
-51,-382,16510,-1,-6,2
-15,-372,16545,-1,-5,2
-22,-380,16542,1,-7,2
-21,-388,16513,0,-7,3
-43,-378,16522,1,-7,1
-40,-373,16540,0,-6,0
-31,-375,16544,0,-5,3
-17,-381,16543,1,-6,0
-24,-382,16517,1,-7,2
-31,-379,16538,0,-5,2
-40,-391,16528,0,-5,1
-27,-374,16523,-1,-7,1
-34,-374,16529,0,-6,1
-24,-365,16520,0,-6,1
-25,-373,16528,0,-5,3
-39,-354,16533,0,-8,1
-31,-388,16524,1,-6,3
-37,-393,16508,-1,-7,0
-47,-389,16527,1,-5,2
-23,-388,16539,-1,-6,2
-21,-378,16536,-1,-6,2
-52,-378,16517,0,-7,2
-50,-403,16502,-2,-4,0
-29,-393,16523,-1,-7,2
-38,-385,16522,-1,-5,2
-33,-393,16517,-1,-5,2
-43,-392,16523,-1,-7,5
-45,-388,16528,0,-6,1
-44,-389,16534,0,-6,1
-37,-381,16533,-1,-7,0
-22,-377,16521,-1,-6,0
-29,-377,16517,-1,-5,2
-28,-380,16540,0,-6,2
-43,-375,16545,-2,-7,-1
-39,-379,16519,2,-7,2
-45,-401,16515,1,-5,1
-37,-396,16515,-1,-5,2
-47,-386,16507,0,-8,2
-32,-382,16533,-2,-6,1
-47,-401,16518,-1,-6,2
-27,-394,16539,0,-7,3
-39,-381,16535,1,-5,2
-36,-388,16511,0,-5,1
-30,-362,16512,-1,-7,1
-30,-381,16530,-2,-6,1
-28,-382,16516,2,-6,1
-36,-388,16515,1,-5,3
-28,-384,16519,2,-7,1
-30,-381,16516,2,-6,3
-33,-356,16519,1,-6,2
-33,-379,16519,0,-7,1
-45,-383,16522,-1,-7,3
-36,-391,16524,1,-7,1
-20,-386,16542,0,-7,0
-33,-380,16527,0,-5,2
-15,-379,16532,0,-6,3
-34,-392,16531,1,-5,2
-32,-370,16528,-1,-5,1
-34,-383,16512,1,-5,0
-40,-385,16516,-1,-6,2
-38,-382,16521,0,-6,1
-31,-369,16537,-1,-6,0
-23,-375,16537,-1,-6,3
-40,-384,16536,0,-7,1
-29,-372,16516,0,-4,1
-31,-371,16512,1,-5,5
-32,-383,16525,1,-7,2
-39,-381,16511,1,-6,1
-59,-400,16526,0,-6,2
-49,-385,16515,0,-6,2
-35,-404,16515,-1,-5,2
-13,-375,16522,0,-6,3
-25,-388,16528,-1,-6,2
-39,-378,16522,0,-5,1
-33,-416,16517,0,-7,3
-30,-381,16531,1,-6,1
-32,-376,16541,-1,-5,2
-24,-376,16531,0,-5,2
-33,-366,16524,0,-6,2
-26,-382,16533,-2,-5,1
-33,-390,16543,-1,-5,0
-29,-382,16513,-1,-5,1
-32,-381,16529,0,-7,0
-15,-368,16524,-2,-5,2
-49,-374,16532,1,-8,0
-43,-377,16523,0,-6,2
-52,-392,16524,-1,-6,2
-51,-394,16515,0,-6,1
-50,-407,16513,-1,-6,1
-30,-379,16525,-1,-6,0
-38,-376,16520,0,-6,3
-18,-386,16525,-1,-6,0
-31,-381,16533,0,-6,3
-57,-371,16524,1,-5,4
-38,-369,16531,-2,-7,2
-36,-389,16521,-2,-7,2
-48,-403,16526,-2,-6,2
-27,-373,16526,2,-6,2
-24,-389,16523,-2,-6,2
-55,-393,16513,1,-7,1
-43,-378,16535,-1,-6,1
-44,-391,16507,0,-7,1
-28,-371,16532,0,-6,1
-37,-383,16514,-1,-7,1
-34,-375,16515,-1,-7,1
-29,-375,16535,0,-8,1
-47,-375,16525,1,-6,1
-23,-378,16519,0,-7,1
-24,-376,16514,-1,-6,2
-32,-396,16529,0,-6,1
-54,-374,16523,-2,-6,3
-26,-379,16528,-2,-6,4
-22,-390,16542,-1,-7,1
-35,-380,16540,0,-6,2
-44,-372,16516,0,-7,2
-28,-383,16503,0,-8,1
-36,-382,16523,-2,-5,1
-42,-393,16501,-2,-6,2
-20,-387,16500,-1,-5,2
-24,-382,16529,-1,-7,2
-33,-401,16524,1,-6,2
-38,-383,16522,-1,-6,0
-31,-397,16519,0,-6,1
-45,-375,16531,-1,-6,0
-22,-389,16538,1,-6,2
-16,-370,16540,1,-6,3
-39,-388,16527,0,-8,1
-39,-388,16523,0,-6,0
-32,-386,16521,1,-7,2
-39,-389,16524,-2,-7,1
-54,-399,16510,0,-6,1
-36,-389,16518,-2,-6,2
-38,-383,16523,0,-5,2
-45,-376,16542,0,-6,2
-40,-390,16516,-2,-6,1
-20,-372,16530,-1,-6,1
-40,-390,16505,0,-7,4
-38,-386,16513,2,-7,1
-38,-391,16508,0,-6,1
-19,-397,16522,-2,-6,1
-20,-393,16520,-1,-6,1
-43,-399,16538,-1,-5,-1
-33,-390,16520,0,-5,2
-34,-375,16540,1,-7,0
-48,-375,16518,1,-7,2
-36,-353,16530,0,-5,2
-33,-377,16542,-1,-7,2
-44,-373,16527,0,-6,3
-25,-377,16532,-2,-6,1
-32,-374,16511,-1,-5,2
-36,-389,16526,-2,-6,2
-47,-388,16536,-2,-4,0
-45,-396,16524,0,-6,1
-57,-379,16519,0,-8,2
-40,-382,16512,0,-5,4
-43,-384,16524,-1,-8,2
-42,-385,16516,0,-6,2
-34,-379,16525,1,-6,1
-28,-407,16524,0,-5,2
-39,-382,16520,-2,-7,1
-36,-377,16531,-1,-5,1
-45,-376,16516,-1,-6,1
-38,-371,16525,-1,-5,1
-42,-400,16523,-3,-6,2
-50,-368,16524,-1,-6,3
-31,-378,16551,0,-6,1
-26,-383,16518,1,-6,0
-39,-405,16513,-1,-5,1
-17,-371,16523,-1,-6,3
-29,-378,16524,-1,-6,2
-21,-364,16514,0,-6,4
-35,-373,16513,-1,-6,3
-27,-389,16523,1,-7,1
-50,-378,16518,0,-6,2
-48,-377,16526,-1,-6,3
-37,-370,16524,0,-6,1
-44,-388,16537,1,-5,2
-36,-376,16528,-3,-6,4
-32,-367,16522,-1,-7,1
-39,-396,16515,0,-6,4
-38,-379,16520,-1,-6,2
-13,-372,16544,-1,-7,0
-24,-390,16521,-1,-7,2
-43,-382,16538,0,-5,1
-44,-374,16523,-2,-7,1
-25,-394,16544,-2,-7,1
-37,-397,16508,-1,-6,1
-33,-371,16524,-1,-7,2
-19,-367,16526,-1,-7,1
-35,-370,16537,1,-6,0
-31,-367,16542,-1,-6,2
-24,-385,16533,0,-5,2
-33,-392,16533,1,-7,1
-24,-375,16536,0,-6,2
-28,-379,16519,0,-7,2
-45,-367,16539,-1,-6,3
-35,-382,16525,-2,-7,2
-38,-360,16532,0,-8,2
-30,-380,16544,-2,-6,2
-11,-375,16540,0,-6,1
-21,-372,16543,-1,-6,2
-29,-389,16533,-2,-6,0
-33,-375,16547,-2,-6,1
-26,-377,16526,-2,-7,1
-31,-382,16539,-1,-6,3
-23,-391,16527,-1,-6,3
-60,-390,16512,2,-6,1
-26,-392,16530,0,-6,1
-27,-361,16517,2,-8,1
-44,-390,16515,1,-4,2
-30,-379,16515,-1,-6,2
-29,-383,16524,1,-7,0
-41,-393,16516,1,-8,1
-53,-373,16525,-2,-7,0
-40,-367,16514,-2,-7,1
-30,-374,16531,-1,-8,1
-39,-385,16514,-2,-7,1
-33,-384,16525,0,-6,1
-41,-399,16526,-1,-6,1
-23,-374,16521,0,-7,2
-24,-379,16533,-1,-7,1
-37,-376,16500,1,-9,2
-39,-387,16529,0,-6,-1
-50,-380,16533,1,-5,2
-33,-365,16525,-3,-7,1
-30,-392,16524,-1,-6,1
-34,-386,16525,-1,-5,0
-30,-381,16535,-1,-6,2
-47,-396,16515,1,-8,2
-42,-368,16541,-3,-7,1
-26,-381,16526,-2,-5,2
-28,-377,16527,-1,-7,2
-37,-378,16539,0,-6,2
-48,-395,16528,0,-5,1
-38,-381,16518,0,-6,1
-27,-376,16529,0,-6,2
-34,-374,16531,0,-8,2
-29,-362,16531,-1,-5,2
-33,-363,16538,-2,-7,3
-45,-384,16518,-1,-6,2
-63,-387,16525,-2,-8,0
-35,-385,16512,0,-7,0
-47,-387,16522,0,-7,1
-29,-381,16537,0,-6,3
-27,-382,16510,0,-6,1
-33,-391,16526,0,-6,3
-21,-372,16528,0,-7,1
-26,-386,16529,0,-7,-1
-27,-396,16530,0,-6,2
-43,-395,16527,0,-7,2
-34,-382,16511,-2,-7,1
-39,-378,16520,0,-8,0
-42,-365,16520,-1,-6,2
-34,-388,16523,1,-7,1
-38,-380,16533,1,-7,3
-39,-387,16527,0,-7,2
-33,-376,16530,0,-8,1
-37,-386,16525,2,-5,2
-31,-383,16523,0,-5,1
-43,-395,16507,-2,-7,-1
-31,-372,16527,0,-8,2
-17,-375,16531,0,-6,1
-24,-357,16535,-2,-6,1
-39,-382,16522,-2,-8,-1
-59,-384,16519,-1,-5,-1
-30,-393,16506,0,-7,1
-32,-386,16516,-2,-5,1
-27,-402,16511,-1,-7,2
-50,-388,16520,-2,-7,0
-39,-385,16551,1,-8,2
-34,-379,16526,0,-6,3
-49,-404,16511,0,-6,2
-36,-387,16521,-1,-6,2
-37,-383,16516,-1,-8,2
-28,-382,16533,-2,-5,1
-17,-379,16526,-1,-6,2
-27,-374,16543,-1,-8,0
-40,-396,16530,1,-8,0
-38,-370,16526,0,-6,4
-30,-370,16531,-1,-5,0
-34,-391,16530,1,-7,1
-28,-379,16527,-3,-5,-1
-37,-371,16531,-1,-9,-1
-28,-371,16523,-4,-6,1
-45,-387,16526,-2,-6,2
-45,-376,16545,-1,-8,2
-44,-366,16536,-2,-7,0
-29,-381,16523,1,-6,2
-34,-384,16531,-3,-5,1
-38,-382,16516,-1,-8,2
-40,-377,16516,-1,-7,0
-15,-366,16529,-1,-8,2
-25,-368,16535,-2,-8,0
-41,-377,16546,-3,-8,1
-42,-392,16529,0,-6,-1
-30,-373,16523,1,-7,2
-43,-366,16525,-2,-8,1
-24,-382,16534,0,-5,2
-8,-375,16533,-1,-7,1
-31,-372,16530,0,-7,2
-30,-369,16540,-1,-6,-1
-36,-360,16544,0,-7,2
-45,-385,16512,0,-6,0
-41,-390,16518,1,-6,1
-58,-384,16522,0,-7,0
-32,-377,16521,0,-6,1
-51,-373,16521,-1,-5,0
-23,-398,16531,-1,-8,1
-46,-371,16527,0,-7,1
-31,-368,16522,0,-6,2
-44,-371,16514,-1,-8,2
-18,-387,16532,-1,-6,0
-38,-384,16507,-1,-6,1
-48,-380,16511,0,-6,3
-41,-383,16516,-1,-7,2
-27,-360,16529,-1,-7,0
-54,-375,16521,-1,-7,2
-39,-398,16523,1,-6,1
-31,-378,16513,0,-8,2
-18,-393,16534,-1,-8,1
-44,-376,16504,0,-6,0
-28,-382,16540,-1,-7,1
-41,-397,16518,-1,-5,2
-54,-401,16517,-1,-6,0
-40,-385,16524,-2,-8,3
-32,-372,16516,-1,-6,1
-40,-384,16534,-1,-6,1
-34,-376,16522,-2,-7,1
-33,-383,16518,0,-6,2
-30,-384,16526,-1,-8,1
-29,-386,16523,-1,-7,0
-46,-383,16522,0,-9,2
-21,-387,16513,1,-5,4
-14,-371,16536,-1,-7,2
-31,-380,16533,0,-6,1
-30,-382,16540,-1,-5,0
-24,-385,16546,-1,-7,1
-50,-378,16529,0,-8,2
-34,-390,16536,1,-6,2
-45,-386,16506,-2,-7,1
-49,-391,16533,-2,-7,0
-38,-400,16537,-1,-5,1
-49,-387,16522,0,-8,3
-28,-372,16524,1,-6,2
-45,-386,16526,-1,-6,2
-26,-371,16521,0,-5,3
-43,-410,16516,0,-8,2
-37,-384,16537,-1,-8,-1
-28,-391,16508,0,-7,0
-54,-372,16519,-3,-8,2
-20,-372,16530,-1,-6,2
-36,-395,16534,0,-5,2
-46,-380,16520,2,-7,0
-37,-404,16531,-1,-6,1
-47,-387,16530,3,-7,1
-52,-375,16517,-1,-6,3
-33,-391,16530,0,-7,2
-27,-388,16536,-1,-7,1
-48,-387,16519,0,-8,2
-48,-384,16510,-1,-8,1
-30,-381,16527,-1,-7,2
-51,-390,16521,-1,-7,0
-44,-393,16529,0,-8,1
-45,-380,16527,-2,-7,1
-44,-391,16520,-1,-8,2
-32,-384,16507,0,-8,1
-44,-394,16514,-1,-6,1
-27,-393,16529,0,-8,2
-40,-386,16530,-1,-6,0
-51,-381,16532,0,-7,1
-50,-376,16532,0,-7,1
-43,-377,16525,-2,-6,3
-35,-383,16521,-1,-7,1
-47,-384,16510,-1,-6,2
-51,-401,16514,0,-7,2
-29,-378,16526,0,-7,1
-33,-389,16507,-1,-7,-1
-50,-391,16520,-1,-7,2
-46,-381,16519,-2,-5,1
-49,-388,16520,0,-8,-1
-43,-393,16518,1,-9,1
-52,-395,16515,-1,-8,2
-58,-393,16534,0,-7,1
-41,-386,16529,0,-6,0
-37,-380,16518,0,-9,2
-25,-366,16523,1,-6,2
-21,-380,16530,0,-8,1
-34,-383,16530,0,-8,0
-26,-362,16530,-1,-7,1
-29,-384,16545,0,-6,2
-41,-364,16539,-1,-7,2
-44,-376,16541,0,-7,1
-41,-375,16531,-1,-7,0
-32,-374,16534,-1,-9,1
-45,-373,16526,-1,-7,1
-22,-365,16552,-1,-7,2
-42,-381,16543,-2,-9,2
-45,-378,16513,1,-6,0
-32,-384,16528,1,-6,1
-40,-373,16535,0,-7,1
-30,-390,16515,1,-8,0
-47,-374,16534,1,-6,3
-33,-374,16529,0,-6,1
-29,-385,16535,-1,-6,1
-29,-375,16506,0,-7,2
-39,-385,16526,-2,-10,1
-31,-370,16522,1,-5,0
-28,-371,16522,-2,-7,2
-47,-374,16515,0,-7,1
-33,-367,16524,-3,-7,2
-45,-373,16517,-2,-7,2
-38,-387,16514,-1,-7,2
-34,-374,16548,0,-7,0
-48,-394,16519,-1,-6,2
-51,-380,16506,-1,-7,3
-30,-365,16524,1,-8,0
-21,-384,16533,-1,-5,2
-26,-369,16540,1,-5,2
-35,-381,16533,-1,-7,3
-49,-384,16516,0,-5,3
-21,-389,16558,0,-10,2
-43,-376,16526,0,-7,1
-28,-377,16534,-1,-7,0
-39,-371,16516,-2,-6,2
-25,-388,16533,0,-7,2
-48,-394,16507,-1,-7,1
-50,-389,16524,0,-6,-1
-42,-374,16516,0,-8,-1
-22,-382,16533,-1,-6,2
-37,-376,16530,1,-7,1
-56,-387,16523,1,-7,2
-8,-367,16533,-1,-6,1
-39,-369,16544,0,-8,2
-32,-391,16535,-1,-7,2
-25,-375,16523,-2,-7,1
-35,-366,16535,-2,-8,3
-19,-370,16528,-1,-5,2
-16,-351,16540,0,-8,2
-33,-374,16561,0,-6,1
-28,-373,16539,0,-6,1
-31,-372,16537,-1,-7,0
-30,-372,16540,0,-8,2
-24,-390,16533,-1,-9,3
-49,-390,16524,-1,-7,0
-30,-365,16516,-1,-6,1
-7,-370,16542,-1,-7,2
-24,-382,16544,0,-6,0
-52,-396,16546,0,-7,2
-49,-382,16513,1,-9,0
-51,-380,16510,-1,-7,1
-39,-388,16519,0,-7,0
-33,-377,16525,-2,-7,2
-37,-380,16533,-2,-7,2
-19,-368,16542,1,-8,0
-29,-362,16531,1,-7,3
-42,-372,16530,1,-7,1
-29,-377,16521,1,-8,2
-38,-387,16522,-1,-6,1
-39,-401,16535,-1,-8,1
-31,-385,16541,0,-7,2
-23,-356,16524,0,-7,1
-39,-374,16525,2,-7,2
-45,-400,16523,0,-7,0
-47,-384,16526,0,-8,0
-38,-393,16508,-1,-7,0
-33,-381,16520,-1,-6,1
-43,-388,16527,-1,-8,2
-44,-378,16537,1,-7,1
-37,-362,16523,0,-6,2
-22,-392,16536,-1,-6,0
-37,-374,16525,-1,-8,1
-30,-381,16543,1,-8,1
-21,-392,16530,0,-8,0
-26,-381,16532,0,-8,2
-47,-384,16529,0,-8,1
-69,-377,16534,-1,-7,2
-52,-382,16520,0,-7,-1
-36,-378,16530,2,-6,1
-32,-397,16517,1,-8,2
-49,-383,16516,-1,-7,2
-34,-378,16519,1,-6,2
-27,-373,16526,-3,-5,0
-32,-387,16524,-2,-6,2
-30,-388,16517,-1,-6,1
-30,-376,16535,-1,-8,1
-42,-374,16529,0,-8,2
-34,-386,16517,-1,-9,2
-41,-392,16523,-2,-8,1
-27,-379,16519,1,-7,0
-32,-385,16527,-1,-7,0
-36,-387,16504,1,-6,1
-40,-367,16525,-1,-7,2
-47,-402,16521,-1,-8,2
-29,-381,16529,0,-7,2
-41,-377,16518,-2,-7,0
-24,-384,16513,-1,-8,1
-43,-395,16527,0,-7,0
-33,-390,16515,-1,-7,1
-38,-372,16553,-1,-7,0
-41,-394,16544,-1,-7,2
-45,-382,16512,0,-5,1
-35,-377,16524,-1,-6,0
-46,-386,16521,-2,-6,-1
-50,-366,16512,-3,-8,0
-24,-391,16520,0,-8,1
-46,-381,16530,-2,-5,1
-24,-390,16549,-1,-9,2
-27,-385,16513,0,-9,2
-49,-388,16507,0,-6,1
-33,-385,16553,1,-9,2
-37,-387,16523,0,-7,0
-43,-385,16542,-2,-8,1
-38,-390,16527,0,-7,1
-48,-380,16527,-2,-6,2
-43,-393,16528,-1,-5,1
-30,-382,16525,-3,-8,1
-43,-381,16533,0,-6,1
-34,-383,16523,-1,-7,0
-49,-385,16525,0,-8,1
-31,-373,16537,-1,-6,1
-32,-392,16529,-1,-9,3
-22,-382,16522,-1,-9,0
-35,-385,16536,-1,-9,0
-40,-390,16527,-1,-8,3
-56,-390,16502,0,-6,1
-27,-385,16522,-1,-6,0
-36,-368,16527,-1,-7,2
-40,-391,16518,0,-8,1
-23,-389,16525,-1,-8,1
-35,-377,16519,-1,-7,1
-30,-389,16527,0,-7,0
-37,-382,16534,0,-6,1
-18,-379,16535,-1,-7,0
-25,-382,16512,1,-5,2
-28,-390,16526,-1,-6,1
-49,-390,16540,-2,-8,-1
-38,-397,16542,1,-7,2
-28,-379,16530,-2,-7,1
-40,-368,16529,1,-8,0
-37,-383,16527,0,-6,2
-23,-382,16535,-1,-8,0
-36,-382,16523,-1,-7,1
-26,-365,16539,-1,-6,1
-35,-391,16534,0,-4,0
-41,-389,16530,-1,-6,2
-45,-390,16525,1,-7,4
-30,-381,16526,-2,-6,0
-41,-374,16523,-1,-6,1
-32,-379,16519,0,-8,2
-35,-385,16528,0,-7,0
-39,-382,16508,-1,-7,0
-43,-375,16521,-1,-6,2
-33,-367,16506,-1,-6,3
-24,-369,16520,1,-6,0
-34,-377,16530,-1,-7,2
-24,-365,16535,1,-8,1
-27,-370,16539,0,-7,1
-23,-388,16538,1,-7,2
-40,-374,16522,-2,-6,-1
-25,-390,16521,0,-7,0
-39,-383,16528,-1,-6,2
-52,-373,16537,0,-6,0
-52,-387,16518,-1,-6,1
-33,-373,16524,1,-5,2
-32,-372,16522,-1,-9,1
-41,-382,16532,-2,-8,0
-25,-360,16534,2,-6,0
-27,-379,16539,-1,-7,1
-39,-365,16531,-1,-6,1
-41,-390,16532,-1,-7,2
-37,-385,16525,-1,-7,3
-26,-380,16534,-1,-7,4
-32,-373,16533,1,-7,1
-31,-380,16539,-1,-7,1
-46,-382,16527,-1,-6,2
-44,-400,16524,1,-7,0
-28,-391,16520,1,-7,3
-43,-390,16533,0,-7,2
-36,-394,16526,0,-8,1
-19,-374,16533,-1,-7,-1
-24,-388,16518,1,-7,1
-35,-382,16523,0,-8,1
-36,-391,16521,-1,-7,1
-48,-365,16536,0,-5,2
-13,-375,16528,0,-5,0
-31,-381,16527,0,-6,1
-47,-372,16513,-1,-5,1
-26,-368,16531,-1,-6,1
-31,-368,16521,1,-7,2
-32,-369,16526,-1,-6,1
-22,-378,16533,-1,-7,-1
-43,-359,16522,-1,-6,2
-25,-374,16528,-1,-7,1
-27,-370,16545,1,-8,-1
-38,-370,16532,0,-8,2
-29,-381,16531,0,-8,2
-34,-361,16522,0,-6,3
-40,-361,16527,1,-6,0
-36,-376,16520,-1,-7,3
-28,-377,16528,0,-6,2
-53,-391,16529,0,-8,2
-29,-390,16536,0,-8,2
-41,-385,16534,-1,-7,1
-39,-384,16510,0,-6,0
-43,-368,16518,1,-6,1
-36,-379,16523,-1,-6,-1
-33,-398,16525,1,-6,3
-28,-374,16529,1,-7,0
-32,-390,16536,-1,-7,2
-52,-368,16539,0,-8,1
-34,-383,16528,-1,-7,2
-35,-385,16531,-1,-7,2
-35,-376,16530,0,-8,1
-37,-366,16509,-1,-6,1
-42,-401,16511,-1,-8,1
-38,-391,16535,0,-8,2
-27,-376,16545,-1,-9,3
-21,-376,16531,-1,-9,2
-39,-388,16535,-1,-6,1
-29,-371,16537,1,-5,2
-21,-367,16553,0,-8,3
-24,-370,16537,-1,-6,1
-28,-378,16531,-1,-8,1
-31,-378,16525,-2,-8,2
-34,-379,16524,-1,-9,0
-33,-382,16530,-1,-8,1
-28,-392,16539,-2,-8,3
-45,-380,16531,-1,-9,2
-41,-371,16541,0,-8,2
-46,-399,16513,1,-7,2
-47,-370,16533,0,-8,1
-39,-370,16534,-2,-7,0
-42,-392,16536,-2,-6,2
-38,-390,16534,-1,-7,1
-34,-382,16537,0,-6,3
-22,-376,16515,-1,-6,1
-36,-375,16525,-1,-6,1
-34,-377,16534,0,-6,0
-38,-366,16526,1,-8,2
-31,-377,16523,-1,-7,2
-24,-383,16532,-1,-7,1
-28,-396,16534,1,-8,2
-27,-396,16538,-3,-8,2
-37,-376,16526,0,-8,0
-21,-374,16532,-1,-8,0
-26,-376,16535,2,-7,0
-46,-387,16533,1,-6,2
-37,-379,16524,0,-6,1
-36,-383,16529,0,-8,2
-34,-378,16517,0,-6,2
-40,-368,16530,1,-8,1
-32,-365,16537,0,-7,2
-24,-373,16542,0,-7,1
-32,-367,16542,-2,-8,2
-40,-375,16534,-1,-6,0
-47,-364,16524,0,-7,1
-36,-379,16544,-1,-6,1
-21,-381,16552,-1,-7,2
-32,-374,16520,-1,-7,2
-28,-375,16547,1,-8,1
-30,-377,16543,1,-6,2
-5,-388,16513,0,-6,2
-37,-372,16537,0,-6,0
-42,-395,16528,1,-7,4
-23,-365,16522,-1,-6,1
-31,-373,16534,1,-7,4
-43,-365,16530,0,-6,2
-46,-385,16546,0,-6,2
-28,-380,16530,-1,-8,2
-19,-388,16547,0,-6,2
-39,-368,16526,-1,-8,0
-41,-367,16526,-2,-6,0
-32,-372,16525,-1,-6,1
-31,-376,16543,0,-8,0
-36,-381,16547,0,-7,2
-29,-389,16532,-1,-8,1
-32,-380,16538,2,-8,1
-20,-371,16537,0,-9,1
-45,-367,16529,-1,-9,0
-53,-387,16518,2,-7,-1
-13,-387,16529,1,-8,2
-39,-389,16521,-1,-7,1
-32,-385,16539,0,-9,0
-40,-372,16529,1,-7,0
-37,-373,16535,0,-7,1
-25,-375,16529,-1,-7,2
-33,-395,16539,-1,-6,1
-41,-382,16536,-1,-6,1
-36,-375,16518,0,-7,2
-51,-373,16532,-1,-8,1
-57,-386,16531,-2,-6,2
-22,-381,16530,-1,-7,1
-54,-393,16524,0,-7,1
-44,-376,16524,-1,-6,1
-44,-379,16531,-1,-7,0
-39,-361,16530,-1,-8,2
-29,-395,16526,-1,-8,2
-52,-372,16529,0,-7,2
-28,-361,16539,0,-6,0
-50,-359,16536,0,-8,2
-41,-391,16531,-2,-8,1
-38,-396,16517,0,-8,2
-29,-373,16559,1,-7,2
-28,-376,16514,0,-7,2
-28,-370,16535,1,-6,2
-40,-380,16537,0,-7,3
-29,-372,16542,-1,-8,2
-37,-382,16521,-2,-6,2
-33,-373,16548,-1,-6,0
-37,-383,16525,0,-7,1
-42,-366,16530,0,-7,2
-55,-385,16519,0,-8,1
-37,-364,16515,-2,-7,2
-27,-355,16528,1,-7,1
-21,-395,16538,0,-7,3
-39,-385,16525,2,-8,1
-58,-390,16519,-1,-8,1
-45,-377,16521,1,-8,1
-23,-393,16538,-2,-7,1
-26,-377,16539,-1,-7,0
-26,-360,16532,0,-8,0
-57,-387,16523,-1,-7,1
-49,-368,16538,-3,-8,0
-28,-365,16534,-3,-7,0
-28,-377,16541,-1,-9,-1
-51,-390,16513,-2,-9,3
-26,-374,16535,-1,-8,1
-36,-390,16513,0,-8,1
-47,-394,16507,0,-8,2
-45,-384,16533,0,-7,1
-32,-404,16517,-1,-8,1
-36,-372,16515,-1,-6,0
-28,-388,16522,-2,-8,-1
-34,-377,16523,-2,-8,2
-37,-380,16526,0,-7,0
-39,-390,16534,-3,-5,1
-57,-370,16537,0,-7,2
-39,-374,16546,-2,-8,1
-44,-382,16514,-2,-8,1
-34,-391,16535,0,-8,2
-42,-413,16514,-1,-7,1
-33,-368,16538,-2,-7,1
-37,-378,16534,-1,-8,2
-29,-370,16542,-1,-6,1
-37,-386,16528,-2,-7,1
-40,-391,16525,-2,-7,1
-38,-363,16539,-1,-8,1
-39,-371,16514,-1,-8,1
-45,-387,16515,-1,-9,-1
-27,-372,16535,0,-6,1
-46,-405,16534,0,-7,1
-32,-378,16525,0,-7,1
-35,-385,16534,0,-7,2
-35,-390,16531,1,-8,1
-27,-394,16527,-2,-7,2
-55,-390,16508,1,-8,0
-43,-381,16542,-2,-7,1
-23,-377,16521,-1,-8,2
-45,-398,16530,-2,-6,3
-48,-400,16521,0,-8,1
-39,-393,16526,-2,-8,0
-14,-368,16540,0,-8,1
-18,-383,16527,-1,-9,2
-32,-396,16529,0,-8,2
-27,-410,16525,0,-7,-1
-35,-381,16532,0,-8,-1
-38,-377,16515,-1,-7,2
-56,-367,16526,-2,-8,1
-48,-371,16528,0,-6,0
-27,-375,16541,0,-6,0
-36,-396,16527,0,-6,1
-28,-383,16532,1,-6,1
-35,-417,16520,0,-8,1
-18,-388,16533,0,-8,2
-33,-388,16528,0,-7,0
-39,-391,16533,0,-8,2
-27,-390,16533,-2,-7,1
-40,-388,16528,-2,-6,1
-39,-371,16525,-2,-8,0
-49,-396,16544,-2,-8,0
-42,-373,16528,-1,-8,2
-19,-391,16535,0,-7,1
-48,-393,16522,0,-7,2
-43,-396,16520,1,-8,-1
-42,-396,16524,-1,-9,1
-42,-382,16522,1,-6,3
-33,-381,16536,1,-8,1
-44,-384,16522,-2,-8,3
-46,-395,16521,-1,-7,2
-38,-382,16509,-3,-7,3
-47,-366,16536,-1,-7,2
-44,-398,16537,-2,-8,1
-44,-377,16513,0,-8,1
-46,-395,16521,0,-7,0
-35,-379,16519,0,-7,0
-34,-382,16519,-2,-7,0
-29,-382,16519,1,-7,0
-22,-383,16525,0,-8,1
-40,-382,16525,0,-7,1
-22,-380,16536,1,-6,1
-35,-408,16527,-1,-6,1
-32,-382,16526,-1,-7,1
-38,-375,16526,-2,-6,2
-40,-369,16525,0,-7,1
-29,-394,16528,0,-8,2
-38,-378,16527,0,-7,1
-32,-371,16533,1,-8,2
-50,-369,16509,-1,-7,3
-44,-393,16527,0,-8,-1
-41,-386,16533,0,-7,1
-30,-378,16515,0,-9,2
-29,-375,16536,1,-8,2
-32,-376,16515,-2,-8,0
-27,-390,16522,0,-7,1
-25,-365,16531,0,-10,3
-49,-399,16543,-1,-8,0
-39,-382,16523,-1,-8,1
-36,-377,16526,0,-9,2
-51,-392,16502,0,-7,1
-57,-400,16517,0,-8,0
-44,-381,16522,-1,-7,-1
-31,-372,16535,-2,-8,3
-38,-392,16526,-1,-7,-1
-40,-383,16538,-1,-9,3
-33,-371,16519,-2,-8,0
-56,-375,16530,-1,-6,1
-46,-383,16519,-2,-7,3
-23,-375,16539,-2,-7,1
-28,-380,16534,-1,-8,2
-27,-378,16523,0,-8,1
-34,-396,16530,1,-7,2
-36,-385,16523,0,-6,2
-24,-375,16547,-2,-8,3
-35,-362,16534,-2,-6,1
-34,-370,16549,-3,-6,1
-41,-394,16536,0,-7,1
-18,-382,16516,0,-7,0
-45,-362,16511,2,-8,2
-45,-356,16527,-1,-7,2
-63,-382,16518,-1,-8,2
-43,-388,16535,-1,-8,1
-38,-364,16547,-1,-8,1
-45,-397,16517,0,-8,2
-41,-378,16529,-1,-8,2
-43,-368,16522,0,-9,1
-20,-372,16536,-1,-7,0
-58,-396,16517,-1,-7,2
-41,-375,16525,0,-10,3
-32,-394,16529,0,-8,0
-43,-392,16534,-2,-7,0
-39,-374,16511,-1,-6,1
-43,-399,16510,-2,-8,1
-33,-391,16527,-1,-8,2
-34,-384,16535,0,-7,1
-21,-349,16528,0,-7,1
-30,-384,16528,-1,-8,2
-52,-391,16524,-1,-8,1
-49,-390,16516,0,-7,0
-44,-372,16542,0,-7,0
-34,-390,16525,-2,-8,0
-25,-386,16523,0,-6,1
-33,-387,16531,-1,-8,0
-37,-372,16541,1,-8,3
-24,-373,16537,-1,-8,2
-32,-380,16535,-2,-7,2
-52,-387,16521,-1,-7,2
-25,-366,16522,1,-8,1
-31,-405,16510,0,-7,1
-31,-386,16519,0,-8,2
-34,-382,16520,0,-7,2
-40,-386,16530,0,-9,2
-28,-382,16536,-2,-8,1
-32,-372,16519,0,-7,2
-41,-371,16538,-1,-7,1
-42,-375,16524,0,-6,2
-35,-400,16517,0,-6,3
-40,-381,16545,-1,-6,1
-51,-395,16537,-1,-7,1
-31,-400,16516,-1,-7,1
-54,-370,16528,0,-9,2
-42,-378,16531,1,-9,3
-34,-377,16524,1,-7,1
-21,-379,16532,-1,-8,1
-42,-379,16531,-2,-7,1
-51,-378,16529,0,-6,3
-45,-398,16530,-2,-6,2
-40,-395,16517,-1,-8,2
-49,-380,16522,1,-8,3
-39,-373,16528,0,-8,1
-29,-379,16543,0,-7,2
-39,-393,16539,0,-8,2
-52,-390,16514,0,-7,1
-48,-400,16521,1,-7,1
-43,-384,16528,1,-8,1
-43,-381,16522,0,-6,2
-51,-396,16523,0,-6,2
-52,-387,16532,0,-9,4
-46,-378,16529,-2,-9,1
-45,-403,16526,-1,-9,1
-54,-388,16521,-1,-7,1
-57,-370,16518,-1,-7,2
-44,-367,16539,-1,-8,2
-37,-384,16532,-2,-8,0
-40,-369,16539,1,-7,3
-37,-377,16542,2,-7,1
-51,-384,16536,-2,-6,3
-35,-370,16520,0,-7,3
-31,-379,16525,-1,-6,1
-33,-370,16534,-1,-8,2
-31,-371,16530,0,-6,2
-58,-382,16523,2,-9,2
-57,-377,16518,0,-7,-1
-56,-398,16524,0,-6,0
-40,-380,16534,1,-7,2
-29,-385,16521,-1,-8,2
-47,-381,16527,-1,-8,3
-30,-372,16529,-1,-8,3
-43,-384,16518,-1,-9,0
-34,-371,16527,-2,-6,1
-43,-374,16526,-2,-6,2
-24,-378,16508,-1,-8,1
-48,-372,16527,0,-8,1
-35,-372,16517,-2,-7,0
-21,-385,16529,0,-8,2
-38,-389,16533,0,-7,0
-39,-388,16535,1,-7,2
-21,-378,16526,2,-5,1
-43,-379,16524,-1,-6,1
-50,-383,16530,-2,-7,1
-22,-388,16531,0,-9,3
-27,-377,16535,0,-8,1
-44,-388,16521,-1,-7,2
-38,-378,16530,-2,-8,0
-55,-398,16522,0,-8,2
-37,-401,16533,0,-8,3
-40,-369,16521,-1,-6,1
-51,-383,16511,0,-8,1
-19,-374,16535,0,-8,0
-56,-373,16535,2,-7,3
-24,-372,16528,-2,-6,2
-45,-390,16525,1,-8,0
-35,-372,16523,-1,-7,1
-26,-390,16527,-2,-7,2
-18,-384,16525,-1,-6,0
-16,-379,16529,-1,-8,1
-22,-385,16532,-1,-7,1
-23,-372,16525,-1,-7,2
-36,-388,16541,1,-6,2
-32,-372,16541,1,-6,2
-40,-388,16519,-2,-8,2
-43,-374,16538,0,-8,0
-42,-383,16539,0,-7,-1
-47,-403,16545,-2,-7,0
-28,-402,16524,0,-8,1
-49,-398,16540,-2,-7,1
-49,-383,16538,0,-7,1
-50,-389,16519,0,-8,1
-48,-376,16534,0,-9,1
-41,-380,16544,0,-8,4
-35,-376,16554,-1,-7,-1
-35,-383,16521,-2,-7,2
-45,-359,16522,-1,-7,1
-40,-391,16540,0,-7,1
-30,-373,16554,-2,-8,1
-54,-379,16534,-1,-9,2
-31,-373,16526,-1,-8,3
-52,-394,16537,-2,-5,2
-53,-381,16524,-2,-8,2
-31,-379,16555,0,-9,1
-38,-384,16528,-2,-6,0
-44,-379,16533,0,-8,2
-47,-384,16550,0,-10,1
-40,-379,16524,-1,-7,0
-32,-370,16530,0,-7,1
-33,-382,16539,0,-10,0
-39,-380,16535,1,-9,0
-23,-382,16533,-2,-8,1
-46,-382,16526,0,-7,3
-52,-378,16533,0,-8,1
-29,-385,16526,-1,-8,1
-32,-378,16551,-1,-7,0
-40,-382,16550,-1,-9,1
-21,-380,16549,-3,-7,0
-42,-394,16540,-1,-9,1
-28,-389,16529,-1,-9,0
-41,-366,16523,-3,-9,2
-35,-371,16530,-2,-6,0
-21,-368,16530,1,-8,1
-24,-372,16536,-3,-9,2
-32,-388,16517,-2,-8,-1
-31,-377,16543,0,-7,2
-37,-395,16526,-2,-8,0
-49,-358,16514,-3,-7,3
-34,-357,16528,-1,-6,2
-32,-383,16522,1,-8,-1
-31,-364,16544,2,-8,3
-43,-367,16550,0,-9,0
-38,-366,16542,-2,-6,0
-26,-366,16542,0,-9,3
-45,-385,16529,-1,-7,0
-42,-390,16536,-1,-8,0
-39,-368,16541,0,-9,2
-52,-365,16528,-2,-8,1
-28,-370,16537,-1,-8,1
-49,-377,16523,0,-9,1
-42,-387,16535,-1,-8,0
-40,-383,16534,-1,-8,2
-40,-361,16543,0,-8,1
-28,-373,16525,-1,-8,1
-55,-387,16515,0,-7,1
-27,-401,16539,-1,-8,2
-50,-378,16522,-1,-8,1
-20,-366,16548,0,-7,1
-46,-386,16529,-1,-7,1
-42,-374,16528,-1,-6,0
-31,-368,16520,-1,-8,1
-57,-402,16520,-1,-8,2
-33,-374,16528,-1,-8,1
-31,-376,16526,-1,-8,1
-24,-381,16536,0,-7,1
-35,-369,16538,0,-7,2
-28,-401,16548,0,-6,0
-48,-372,16524,-1,-8,1
-44,-385,16529,0,-8,0
-26,-378,16534,0,-10,3
-42,-376,16540,-2,-9,1
-19,-370,16543,-2,-8,0
-42,-380,16537,-1,-7,3
-55,-396,16520,-1,-8,2
-50,-381,16522,0,-8,1
-33,-387,16525,-1,-6,0
-29,-379,16538,-2,-8,1
-31,-384,16519,-1,-6,0
-13,-378,16541,1,-9,2
-25,-383,16553,-2,-8,2
-53,-409,16506,1,-8,1
-43,-381,16522,1,-8,-1
-51,-391,16522,-1,-7,2
-26,-393,16521,-2,-7,1
-24,-376,16526,0,-9,1
-33,-378,16531,-3,-8,1
-42,-378,16517,1,-7,0
-33,-388,16529,-1,-8,1
-33,-400,16522,0,-8,1
-37,-379,16537,-2,-7,0
-21,-379,16537,0,-6,1
-40,-380,16541,0,-6,0
-29,-373,16535,-1,-8,3
-40,-384,16513,-2,-8,2
-28,-365,16512,-1,-9,4
-44,-369,16523,-1,-8,1
-35,-379,16536,-1,-7,0
-26,-390,16508,-3,-10,1
-51,-393,16513,-1,-9,2
-28,-381,16525,0,-8,3
-53,-387,16521,1,-9,1
-40,-395,16511,1,-6,2
-31,-387,16537,0,-7,0
-36,-364,16526,0,-8,2
-18,-369,16534,-1,-7,3
-34,-375,16537,0,-7,3
-41,-387,16534,-1,-8,2
-35,-394,16522,-1,-7,3
-37,-389,16545,-1,-8,2
-53,-398,16524,-1,-8,0
-40,-386,16530,0,-11,1
-26,-380,16530,-1,-8,1
-35,-391,16529,1,-8,0
-66,-393,16523,0,-7,1
-33,-393,16517,-1,-7,2
-29,-409,16524,-3,-8,3
-48,-382,16531,0,-8,1
-51,-372,16518,0,-6,0
-20,-390,16533,-1,-8,1
-24,-374,16540,1,-7,1
-49,-377,16520,1,-8,0
-48,-390,16533,-1,-8,2
-52,-383,16507,-1,-7,2
-45,-388,16543,-1,-8,1
-25,-384,16537,1,-7,2
-47,-376,16535,1,-8,-1
-12,-382,16541,-1,-8,0
-41,-384,16543,-2,-9,2
-31,-382,16527,1,-9,1
-39,-367,16539,-1,-7,1
-36,-378,16519,-2,-9,1
-32,-374,16518,-2,-6,2
-43,-384,16528,0,-7,0
-30,-383,16528,1,-9,1
-34,-391,16541,-1,-9,0
-35,-385,16529,-2,-8,1
-26,-381,16525,-2,-9,0
-44,-370,16521,-1,-7,1
-43,-382,16523,-1,-7,1
-37,-371,16506,-1,-7,3
-42,-378,16539,0,-9,2
-64,-381,16525,2,-8,1
-47,-391,16505,0,-9,2
-37,-379,16546,0,-7,1
-37,-392,16516,-1,-7,0
-32,-386,16526,-1,-7,1
-29,-370,16534,-1,-8,0
-29,-379,16528,-1,-10,1
-48,-397,16524,-1,-7,1
-47,-368,16533,0,-10,2
-29,-369,16534,-2,-7,2
-37,-395,16538,0,-7,2
-37,-376,16538,0,-8,1
-27,-369,16515,-1,-9,3
-38,-375,16541,0,-8,0
-41,-376,16526,0,-7,1
-44,-370,16524,-2,-9,1
-36,-387,16530,-1,-9,1
-46,-372,16536,-3,-7,1
-15,-382,16545,-3,-7,0
-49,-377,16541,-1,-7,0
-39,-387,16526,-2,-9,1
-41,-376,16545,-1,-7,1
-42,-384,16517,-1,-8,2
-44,-392,16523,0,-6,1
-50,-392,16531,-1,-7,1
-53,-398,16514,-2,-8,3
-49,-367,16520,0,-8,2
-38,-370,16536,-1,-8,-1
-39,-361,16546,0,-8,1
-32,-393,16532,1,-9,1
-28,-387,16525,1,-7,0
-50,-393,16529,-1,-7,1
-67,-377,16543,0,-8,-1
-34,-362,16539,0,-7,1
-25,-379,16538,-1,-7,1
-40,-380,16539,0,-9,3
-42,-375,16527,0,-9,0
-68,-373,16522,0,-6,0
-50,-382,16541,-1,-7,1
-38,-386,16522,-1,-8,1
-51,-384,16521,0,-8,3
-33,-362,16536,-1,-8,0
-41,-381,16533,-1,-8,1
-42,-375,16511,0,-8,1
-27,-381,16540,-1,-8,1
-42,-381,16524,0,-9,3
-47,-386,16525,-1,-7,1
-34,-391,16522,0,-7,0
-40,-375,16527,-1,-7,0
-36,-370,16515,0,-9,2
-37,-385,16532,-1,-8,2
-50,-398,16518,-1,-9,0
-35,-383,16525,-1,-9,4
-46,-373,16528,0,-7,3
-31,-387,16541,-2,-10,1
-42,-389,16513,-1,-7,0
-64,-382,16537,1,-9,1
-33,-384,16520,-1,-9,1
-49,-366,16528,-1,-8,2
-45,-382,16523,0,-7,2
-39,-386,16519,-2,-8,0
-50,-397,16515,-1,-8,0
-37,-396,16527,-1,-7,0
-47,-379,16512,-1,-8,1
-35,-382,16539,-2,-9,0
-35,-388,16523,-1,-7,2
-46,-376,16533,-1,-8,1
-58,-388,16512,-2,-7,2
-36,-395,16523,0,-8,1
-28,-365,16533,1,-7,2
-39,-386,16532,-1,-8,2
-30,-387,16531,-1,-10,0
-43,-397,16521,-1,-8,1
-52,-386,16528,0,-9,1
-55,-392,16501,2,-8,0
-62,-380,16532,1,-9,1
-39,-385,16538,-1,-8,2
-34,-386,16539,0,-8,3
-31,-378,16514,0,-8,1
-31,-384,16512,0,-9,1
-51,-391,16521,-1,-7,1
-54,-381,16522,0,-7,1
-52,-391,16527,-2,-8,1
-42,-376,16522,-1,-8,1
-52,-387,16537,1,-9,2
-44,-389,16518,1,-8,0
-38,-396,16508,-2,-9,1
-23,-363,16520,2,-7,1
-29,-368,16541,0,-7,0
-37,-382,16505,-2,-7,0
-45,-403,16519,-1,-8,2
-43,-391,16516,0,-10,-1
-38,-401,16520,-2,-9,3
-45,-397,16515,-1,-8,1
-54,-376,16540,0,-9,3
-46,-375,16511,1,-8,2
-58,-391,16503,0,-8,0
-52,-386,16528,1,-8,1
-39,-380,16526,0,-8,0
-50,-393,16531,0,-8,1
-36,-385,16539,0,-9,1
-54,-380,16515,-1,-8,2
-36,-379,16511,1,-8,1
-46,-394,16524,1,-8,3
-27,-383,16525,0,-8,1
-44,-369,16528,-1,-7,0
-65,-387,16512,-1,-8,0
-56,-398,16514,-1,-7,0
-45,-406,16501,-2,-8,2
-33,-381,16514,0,-8,-1
-50,-378,16523,-1,-7,2
-39,-365,16547,-1,-9,2
-49,-377,16516,-1,-9,0
-26,-376,16524,-1,-8,0
-47,-387,16528,0,-8,1
-55,-386,16519,-1,-8,2
-46,-382,16524,-2,-8,2
-47,-369,16530,1,-9,0
-43,-394,16519,0,-7,0
-44,-393,16532,-2,-8,1
-25,-383,16506,0,-8,3
-53,-387,16526,0,-9,2
-46,-395,16507,0,-9,0
-36,-377,16515,-1,-7,3
-48,-390,16525,-2,-7,1
-51,-377,16520,-1,-8,1
-28,-362,16527,1,-9,-1
-39,-395,16531,-1,-8,0
-35,-389,16532,-1,-7,0
-51,-386,16523,0,-7,1
-59,-380,16522,-1,-10,0
-36,-399,16522,0,-8,2
-26,-386,16523,1,-8,0
-39,-381,16539,0,-9,0
-46,-396,16530,1,-8,-1
-34,-396,16528,0,-8,1
-22,-374,16520,-1,-9,2
-54,-377,16535,-3,-9,1
-34,-383,16519,1,-9,2
-25,-365,16545,0,-8,0
-38,-399,16530,-1,-7,0
-48,-378,16508,-2,-7,0
-39,-392,16526,1,-8,2
-31,-357,16537,-2,-6,2
-38,-373,16511,0,-8,2
-38,-377,16532,1,-9,1
-39,-369,16534,0,-7,2
-34,-376,16521,-1,-7,1
-45,-381,16516,-1,-8,2
-53,-398,16529,-2,-8,0
-40,-401,16523,-1,-8,1
-39,-396,16510,0,-9,0
-36,-384,16546,0,-8,2
-41,-394,16505,0,-8,0
-60,-394,16520,0,-8,0
-33,-380,16532,0,-8,1
-33,-389,16532,0,-7,-1
-43,-394,16530,-1,-6,1
-27,-385,16527,-1,-8,1
-30,-386,16527,-1,-10,1
-52,-376,16520,-1,-8,2
-49,-388,16535,-3,-7,0
-38,-376,16538,0,-8,1
-40,-367,16529,0,-8,1
-36,-380,16527,0,-6,-1
-49,-384,16528,0,-9,2
-36,-376,16523,0,-10,2
-53,-381,16523,-1,-7,2
-49,-383,16529,0,-7,1
-33,-385,16528,-2,-8,0
-53,-383,16531,1,-7,1
-20,-391,16523,-1,-8,3
-30,-393,16513,2,-7,0
-46,-377,16531,-1,-10,2
-59,-392,16534,-1,-8,2
-37,-372,16533,0,-8,0
-48,-382,16531,-2,-7,1
-40,-381,16537,1,-8,2
-37,-375,16512,-3,-7,1
-27,-380,16536,-1,-10,1
-50,-373,16537,0,-9,1
-48,-385,16524,-1,-10,1
-44,-389,16526,-1,-9,1
-27,-383,16529,0,-8,0
-30,-371,16515,-2,-8,1
-36,-383,16536,0,-6,0
-52,-358,16518,0,-7,0
-32,-381,16533,0,-8,0
-33,-390,16517,0,-7,2
-44,-405,16530,-3,-8,0
-57,-384,16525,0,-8,1
-18,-384,16519,0,-8,1
-36,-377,16521,-1,-9,1
-49,-378,16527,0,-9,-1
-34,-368,16533,-1,-9,2
-47,-362,16519,-2,-9,1
-46,-391,16533,1,-8,2
-41,-391,16507,-1,-8,1
-50,-383,16511,1,-9,2
-37,-378,16546,0,-7,0
-36,-389,16517,-2,-7,1
-40,-389,16523,-2,-9,0
-49,-387,16520,-1,-7,2
-48,-382,16492,-2,-10,1
-20,-380,16525,0,-8,0
-47,-385,16529,1,-10,1
-39,-377,16528,-1,-9,1
-49,-397,16518,2,-10,1
-49,-388,16520,0,-8,2
-45,-390,16506,-1,-9,1
-30,-368,16537,-1,-8,1
-52,-398,16526,1,-9,1
-40,-376,16523,-2,-8,1
-43,-379,16528,-2,-9,1
-24,-392,16505,-2,-8,2
-26,-360,16515,0,-7,1
-76,-389,16529,0,-8,0
-48,-383,16527,0,-8,2
-45,-396,16528,-1,-8,3
-18,-374,16529,-2,-11,1
-53,-367,16534,-2,-8,1
-38,-379,16538,-1,-9,1
-27,-375,16518,-1,-8,1
-49,-393,16513,0,-8,-1
-31,-375,16531,-1,-8,-1
-38,-377,16518,-1,-8,1
-29,-384,16542,0,-7,2
-70,-409,16520,2,-8,2
-51,-395,16524,-2,-9,1
-35,-391,16533,1,-8,1
-29,-394,16514,-1,-8,2
-33,-393,16516,1,-7,1
-44,-386,16525,1,-10,1
-35,-384,16529,-1,-7,2
-35,-395,16521,-1,-8,0
-41,-402,16519,0,-9,0
-33,-382,16537,0,-9,0
-38,-376,16533,-1,-7,3
-31,-390,16519,-3,-8,3
-54,-381,16510,0,-8,0
-41,-378,16519,-1,-7,2
-46,-378,16533,-2,-9,1
-38,-371,16526,-1,-9,0
-46,-378,16518,1,-7,1
-42,-399,16525,-1,-8,0
-27,-396,16524,0,-8,1
-37,-402,16518,1,-8,0
-33,-388,16519,-1,-8,1
-27,-369,16530,0,-9,0
-42,-385,16552,-1,-9,2
-18,-389,16532,0,-8,2
-58,-388,16526,-1,-7,2
-34,-368,16538,-2,-8,0
-38,-392,16521,-1,-9,3
-36,-387,16537,2,-7,0
-44,-387,16515,-1,-8,0
-42,-380,16534,0,-8,-1
-32,-385,16518,0,-9,1
-43,-382,16537,-2,-8,3
-42,-385,16520,0,-7,1
-59,-384,16530,-1,-8,1
-51,-393,16517,-1,-9,1
-37,-373,16532,0,-7,0
-13,-392,16555,-2,-9,2
-20,-374,16530,-2,-8,-1
-47,-390,16533,-1,-9,0
-31,-375,16532,-1,-8,1
-39,-388,16518,0,-8,1
-57,-398,16518,0,-8,2
-31,-384,16550,-2,-8,1
-41,-387,16522,0,-9,1
-28,-379,16527,0,-8,2
-36,-386,16533,0,-8,2
-46,-391,16519,-2,-9,1
-49,-393,16525,-2,-7,1
-26,-405,16510,0,-9,1
-59,-387,16539,-2,-8,1
-36,-383,16525,-1,-9,0
-20,-376,16539,-1,-8,1
-37,-402,16521,-2,-8,1
-37,-381,16535,-1,-9,2
-38,-378,16543,-1,-7,1
-42,-379,16517,-1,-6,0
-35,-375,16518,-1,-8,2
-40,-381,16525,0,-9,1
-44,-390,16520,1,-7,1
-44,-382,16523,-2,-9,0
-34,-390,16517,-1,-8,1
-48,-381,16523,-2,-9,2
-43,-379,16511,-4,-9,1
-60,-391,16531,-2,-7,0
-66,-381,16541,0,-9,1
-35,-376,16526,-2,-8,-1
-38,-396,16533,-1,-7,2
-22,-384,16523,0,-10,2
-43,-405,16513,1,-9,1
-34,-369,16541,-1,-8,1
-27,-403,16543,0,-7,0
-45,-381,16519,1,-7,2
-14,-368,16518,-1,-7,0
-33,-350,16533,-1,-8,1
-40,-367,16520,-1,-7,2
-39,-376,16527,-1,-8,3
-21,-391,16535,-3,-8,1
-37,-369,16531,0,-8,2
-37,-369,16516,-1,-9,3
-51,-396,16526,0,-8,1
-51,-382,16523,0,-9,0
-24,-384,16517,-2,-8,2
-45,-378,16521,0,-8,3
-45,-374,16522,-1,-8,2
-44,-367,16526,-2,-7,2
-51,-377,16528,0,-6,0
-39,-381,16528,1,-9,2
-47,-392,16547,1,-8,1
-41,-388,16523,-1,-7,1
-45,-384,16522,-1,-8,2
-39,-378,16530,-2,-7,1
-54,-381,16546,-1,-9,1
-51,-367,16514,2,-7,-1
-37,-367,16535,-1,-9,2
-50,-379,16523,1,-8,0
-36,-406,16534,-1,-7,2
-46,-378,16529,-2,-9,1
-38,-381,16528,0,-7,-1
-48,-377,16541,-2,-8,1
-42,-384,16536,-3,-10,0
-41,-382,16538,0,-8,2
-50,-390,16522,-1,-7,1
-60,-372,16539,-2,-8,2
-34,-382,16536,-1,-8,-1
-23,-395,16518,1,-6,0
-36,-390,16527,-1,-8,0
-38,-383,16524,-1,-9,0
-29,-388,16549,-1,-10,1
-50,-378,16529,-1,-9,1
-63,-384,16525,-2,-10,1
-26,-389,16519,0,-7,1
-40,-392,16525,-1,-7,1
-42,-380,16534,-1,-8,1
-23,-381,16535,-2,-8,2
-41,-370,16527,-2,-8,0
-42,-391,16506,0,-8,3
-53,-392,16530,-1,-7,0
-26,-387,16518,0,-7,0
-38,-383,16538,-1,-8,1
-44,-392,16516,0,-8,2
-36,-368,16529,1,-8,0
-31,-385,16530,0,-9,1
-47,-383,16541,0,-8,2
-36,-383,16544,0,-9,1
-31,-393,16524,-2,-9,0
-35,-391,16524,1,-6,1
-24,-379,16532,-1,-7,1
-40,-376,16530,1,-9,3
-48,-369,16526,1,-8,2
-49,-386,16531,0,-7,1
-48,-386,16541,1,-9,-1
-34,-379,16511,1,-8,1
-37,-382,16549,-3,-7,1
-49,-393,16536,0,-8,2
-47,-368,16520,2,-9,2
-50,-388,16528,-2,-8,3
-52,-387,16529,-1,-7,0
-36,-390,16533,0,-8,0
-40,-376,16514,-1,-7,2
-52,-382,16520,-1,-8,2
-42,-387,16539,1,-7,1
-35,-364,16525,1,-8,2
-35,-374,16530,-2,-7,0
-26,-368,16532,-2,-10,1
-43,-388,16529,0,-8,2
-27,-390,16556,0,-8,0
-42,-362,16532,-2,-8,2
-29,-378,16530,-2,-7,0
-34,-386,16517,1,-10,2
-48,-383,16526,0,-7,0
-18,-381,16517,-1,-8,1
-38,-377,16537,-1,-8,1
-31,-400,16523,0,-7,1
-38,-366,16548,-1,-9,1
-52,-367,16522,1,-8,1
-44,-374,16530,-1,-8,2
-58,-392,16532,0,-8,2
-41,-379,16531,-1,-8,1
-6,-386,16539,0,-9,1
-42,-373,16501,-1,-7,0
-34,-381,16519,0,-8,2
-25,-383,16523,-2,-10,1
-35,-378,16528,-1,-7,0
-38,-355,16528,-1,-9,1
-48,-377,16540,0,-8,1
-50,-380,16526,2,-9,0
-40,-391,16516,0,-8,3
-50,-372,16522,0,-9,2
-42,-378,16514,0,-8,1
-19,-375,16542,1,-8,2
-53,-398,16526,2,-9,2
-43,-377,16517,0,-7,2
-46,-368,16532,0,-8,0
-40,-391,16539,0,-9,1
-31,-388,16518,1,-9,1
-34,-366,16518,-1,-9,1
-66,-390,16509,1,-8,2
-23,-373,16532,-1,-8,2
-24,-375,16524,0,-8,2
-30,-373,16518,-2,-8,2
-47,-379,16533,-1,-8,0
-13,-359,16541,0,-8,1
-45,-395,16515,-1,-8,1
-46,-356,16535,-1,-9,0
-42,-387,16524,1,-8,1
-37,-379,16528,-1,-9,0
-29,-364,16532,-1,-8,1
-50,-384,16540,-1,-8,1
-52,-391,16543,1,-7,-1
-21,-376,16528,1,-8,1
-36,-363,16528,-1,-9,1
-40,-375,16542,-1,-9,2
-11,-376,16521,2,-8,0
-23,-373,16526,0,-8,0
-32,-363,16511,-1,-9,3
-26,-380,16551,-1,-6,0
-27,-386,16534,0,-7,1
-35,-375,16552,-4,-8,-1
-30,-376,16531,1,-11,1
-41,-388,16525,1,-8,0
-54,-375,16521,0,-8,2
-50,-392,16527,0,-8,1
-31,-392,16524,0,-7,2
-51,-400,16533,-1,-9,0
-33,-370,16534,-2,-7,0
-26,-365,16533,1,-9,0
-57,-392,16528,0,-7,0
-45,-382,16538,-1,-10,0
-42,-397,16520,0,-8,-1
-40,-395,16532,0,-6,2
-33,-371,16512,-1,-9,1
-41,-379,16522,-2,-8,1
-51,-401,16496,-1,-8,1
-45,-398,16533,0,-7,2
-41,-368,16518,-2,-7,3
-40,-391,16534,1,-8,3
-42,-398,16517,0,-9,0
-35,-382,16510,0,-8,1
-58,-403,16519,-1,-7,0
-45,-388,16522,-1,-8,1
-61,-375,16526,1,-8,0
-45,-384,16533,0,-8,0
-45,-403,16516,1,-7,-1
-43,-379,16529,-1,-9,0
-34,-370,16533,0,-9,1
-24,-381,16542,-1,-9,0
-31,-372,16545,1,-9,-1
-28,-386,16525,0,-7,2
-42,-367,16547,-1,-7,1
-43,-397,16526,0,-8,2
-64,-389,16528,0,-8,1
-36,-385,16537,-1,-10,1
-32,-381,16509,1,-8,1
-57,-390,16538,-2,-9,3
-35,-400,16505,0,-9,0
-40,-374,16537,0,-9,1
-48,-386,16517,-1,-8,0
-28,-373,16517,0,-8,2
-52,-388,16535,0,-7,1
-29,-371,16537,1,-9,2
-32,-389,16527,0,-8,2
-48,-386,16523,1,-8,1
-44,-385,16523,0,-9,0
-44,-401,16546,0,-8,1
-43,-392,16540,-1,-10,1
-25,-380,16538,0,-7,1
-37,-374,16540,-1,-9,0
-58,-391,16527,0,-9,0
-40,-393,16529,-1,-9,2
-47,-379,16519,0,-9,0
-45,-388,16508,-1,-9,2
-32,-370,16536,0,-9,0
-25,-372,16544,0,-9,3
-26,-384,16524,0,-8,2
-47,-377,16529,-1,-8,2
-35,-376,16526,-1,-9,-1
-27,-385,16537,1,-8,0
-34,-368,16530,-1,-8,0
-38,-379,16532,-2,-9,0
-38,-386,16529,0,-8,2
-44,-390,16524,1,-9,2
-46,-378,16528,0,-9,2
-44,-403,16538,0,-7,0
-60,-378,16517,0,-9,4
-36,-404,16539,1,-8,2
-60,-408,16523,0,-8,2
-26,-365,16538,0,-7,0
-46,-387,16539,0,-10,2
-19,-386,16524,0,-8,0
-53,-392,16511,0,-8,1
-53,-404,16522,-1,-9,2
-42,-388,16538,-2,-8,-1
-23,-373,16544,-1,-7,2
-23,-369,16549,-2,-6,1
-49,-381,16527,0,-7,1
-19,-370,16546,0,-8,0
-44,-376,16523,0,-8,2
-40,-387,16537,-1,-8,0
-34,-385,16527,-1,-8,1
-21,-373,16522,1,-9,0
-50,-388,16527,-1,-8,1
-39,-372,16527,1,-7,1
-63,-387,16528,-1,-9,1
-43,-385,16536,0,-9,3
-29,-377,16519,-1,-6,1
-47,-363,16526,1,-9,0
-39,-396,16516,0,-7,0
-45,-374,16544,-1,-8,0
-36,-368,16526,0,-8,1
-30,-395,16523,0,-9,1
-55,-376,16534,0,-8,3
-18,-394,16519,-1,-9,1
-43,-387,16531,0,-8,0
-42,-373,16525,-1,-8,-1
-46,-409,16519,-1,-8,2
-38,-394,16513,-1,-9,1
-54,-372,16524,1,-10,1
-40,-398,16523,0,-9,2
-26,-382,16525,-1,-8,0
-45,-385,16523,-1,-7,2
-42,-401,16532,-2,-8,2
-33,-380,16532,-1,-9,2
-41,-386,16522,0,-9,2
-46,-379,16516,-1,-10,3
-54,-385,16523,-1,-9,3
-41,-388,16530,-1,-7,1
-36,-377,16526,-1,-8,2
-42,-401,16529,2,-9,1
-36,-391,16517,0,-11,-1
-46,-390,16522,-1,-7,2
-46,-403,16527,0,-9,3
-42,-375,16527,1,-7,3
-33,-387,16514,-1,-8,2
-45,-377,16523,0,-9,1
-24,-385,16527,-2,-9,3
-28,-392,16514,0,-8,1
-35,-390,16546,0,-9,1
-44,-401,16534,1,-8,2
-57,-407,16509,0,-9,1
-48,-390,16539,0,-7,2
-32,-383,16530,0,-8,2
-43,-399,16528,-1,-8,2
-27,-385,16533,0,-7,1
-53,-382,16517,1,-9,1
-40,-372,16545,0,-7,2
-37,-384,16536,0,-9,-1
-52,-365,16525,-1,-9,4
-25,-382,16532,1,-9,0
-28,-386,16533,-1,-9,1
-45,-385,16529,1,-9,1
-43,-392,16508,0,-7,1
-35,-378,16529,-1,-7,-1
-14,-379,16543,1,-10,1
-35,-371,16522,1,-7,1
-19,-384,16519,-1,-8,2
-38,-379,16532,0,-8,0
-54,-396,16513,1,-9,1
-32,-372,16548,0,-9,1
-46,-374,16521,0,-7,1
-36,-376,16529,-1,-8,2
-51,-388,16527,0,-8,1
-33,-378,16529,-1,-8,0
-40,-383,16525,-2,-9,0
-42,-388,16511,0,-8,3
-28,-378,16538,-1,-8,2
-1,-360,16530,0,-9,0
-18,-382,16538,0,-9,0
-38,-396,16550,0,-8,0
-68,-399,16514,-1,-9,2
-31,-376,16532,1,-8,0
-30,-395,16528,1,-8,3
-55,-390,16525,-1,-9,2
-52,-377,16541,-1,-9,0
-22,-385,16534,0,-8,0
-28,-391,16519,-1,-6,1
-67,-378,16521,-1,-9,2
-30,-397,16532,0,-9,1
-51,-369,16530,0,-7,1
-39,-388,16526,1,-7,2
-37,-372,16530,1,-8,1
-28,-390,16524,0,-10,1
-43,-376,16540,2,-8,2
-42,-387,16537,-2,-9,1
-46,-386,16530,-1,-7,1
-53,-384,16534,-2,-9,3
-54,-383,16520,-1,-7,1
-48,-386,16511,0,-9,1
-46,-378,16524,1,-9,0
-33,-361,16547,0,-8,2
-42,-370,16533,-1,-9,3
-22,-378,16542,1,-8,2
-43,-382,16526,0,-8,0
-29,-391,16535,-1,-7,0
-34,-372,16529,2,-9,3
-41,-393,16531,1,-10,3
-35,-394,16509,-1,-8,2
-40,-371,16557,2,-8,3
-26,-388,16520,0,-7,1
-39,-358,16519,0,-8,2
-33,-374,16544,0,-9,1
-40,-381,16525,-1,-7,0
-43,-384,16524,-2,-8,1
-26,-382,16530,0,-10,1
-49,-376,16508,-2,-8,2
-9,-379,16532,-3,-9,0
-40,-396,16519,0,-9,0
-46,-387,16520,1,-9,1
-43,-369,16506,-1,-8,2
-47,-391,16514,-2,-8,3
-36,-384,16516,0,-8,1
-42,-376,16533,-1,-8,0
-23,-384,16529,-1,-9,2
-54,-384,16518,1,-11,2
-30,-391,16524,0,-8,1
-46,-373,16526,-1,-9,0
-31,-369,16539,0,-8,2
-32,-371,16532,-1,-7,0
-58,-387,16529,0,-8,2
-46,-389,16522,0,-10,1
-37,-393,16516,-1,-9,0
-61,-381,16511,-1,-8,1
-48,-376,16520,-1,-8,1
-54,-366,16534,0,-10,2
-50,-390,16527,0,-7,0
-51,-394,16513,0,-7,1
-35,-372,16524,-1,-10,-1
-42,-375,16511,0,-8,-1
-44,-392,16517,-2,-8,2
-28,-365,16541,-2,-8,-1
-49,-386,16538,-1,-7,-1
-35,-403,16515,0,-10,0
-40,-371,16519,1,-9,1
-35,-377,16540,-1,-8,1
-36,-360,16533,2,-10,0
-31,-392,16541,-1,-9,2
-42,-362,16542,-3,-8,0
-17,-390,16528,0,-8,2
-40,-370,16535,-1,-8,1
-22,-379,16536,0,-9,1
-23,-368,16545,0,-11,0
-24,-386,16531,0,-8,0
-36,-375,16550,1,-8,2
-42,-388,16530,0,-8,1
-36,-364,16535,-1,-10,1
-37,-366,16530,0,-9,0
-20,-392,16542,0,-9,0
-44,-383,16556,0,-8,1
-27,-382,16545,0,-12,-1
-25,-382,16530,-1,-10,0
-50,-380,16533,1,-9,2
-38,-399,16506,-1,-8,2
-44,-373,16529,1,-9,1
-13,-389,16526,1,-9,2
-43,-382,16536,-1,-8,1
-35,-386,16515,-1,-8,2
-54,-386,16520,0,-9,0
-37,-374,16548,2,-8,2
-35,-400,16527,-2,-8,1
-42,-396,16535,-2,-8,2
-54,-383,16508,-1,-8,1
-41,-392,16525,-3,-8,0
-37,-381,16522,0,-9,0
-55,-386,16534,0,-10,1
-40,-383,16526,0,-8,0
-42,-370,16534,-1,-9,2
-37,-379,16524,0,-10,2
-35,-391,16529,0,-10,1
-27,-380,16525,-1,-8,2
-29,-378,16522,1,-9,1
-40,-371,16541,-2,-7,1
-37,-375,16538,1,-9,0
-46,-396,16528,0,-8,2
-29,-374,16511,-1,-9,2
-26,-387,16527,-1,-8,-1
-28,-377,16521,0,-7,1
-29,-372,16521,1,-9,1
-36,-369,16542,-1,-8,1
-35,-386,16538,0,-8,0
-37,-382,16524,0,-9,1
-34,-386,16535,0,-10,0
-40,-360,16544,-3,-8,1
-29,-376,16530,-1,-9,1
-36,-390,16530,1,-7,2
-21,-377,16533,-2,-9,1
-42,-399,16515,-2,-8,0
-33,-358,16529,0,-10,3
-41,-377,16517,0,-7,2
-44,-360,16530,1,-9,2
-37,-393,16519,0,-9,1
-43,-387,16560,-1,-10,2
-31,-376,16522,1,-9,3
-39,-372,16525,-2,-8,1
-44,-378,16532,0,-7,1
-17,-365,16542,0,-7,1
-28,-373,16548,1,-9,3
-40,-379,16523,0,-9,1
-32,-385,16532,0,-9,2
-35,-386,16513,-1,-9,2
-37,-389,16537,-1,-8,0
-36,-370,16538,-2,-8,2
-63,-387,16523,-1,-10,2
-23,-377,16529,0,-9,2
-23,-383,16546,1,-8,1
-44,-391,16518,1,-9,2
-49,-389,16525,0,-9,1
-32,-367,16536,0,-8,2
-38,-369,16522,-2,-9,2
-27,-395,16513,0,-8,1
-33,-365,16525,-1,-8,1
-19,-391,16518,-1,-9,1
-26,-387,16528,-1,-9,-1
-46,-404,16527,-1,-9,2
-31,-391,16526,-1,-9,2
-31,-390,16538,-1,-10,1
-42,-380,16528,-1,-7,0
-35,-401,16543,-1,-10,2
-47,-387,16529,-1,-10,1
-32,-398,16532,0,-9,-1
-46,-401,16526,-2,-9,2
-39,-401,16530,-1,-9,1
-40,-367,16534,0,-8,0
-32,-385,16530,0,-9,2
-54,-379,16526,0,-8,2
-35,-367,16549,0,-8,3
-33,-387,16541,-1,-8,1
-54,-371,16513,-1,-8,1
-54,-385,16531,1,-8,0
-40,-358,16536,0,-7,0
-31,-375,16550,2,-7,1
-21,-386,16533,-1,-10,2
-35,-381,16531,-1,-8,1
-61,-367,16535,1,-9,2
-38,-405,16527,2,-8,2
-49,-382,16522,0,-8,2
-40,-373,16534,0,-10,2
-24,-362,16534,3,-8,0
-39,-385,16517,1,-8,-1
-25,-374,16521,0,-8,-1
-31,-392,16546,0,-9,2
-44,-381,16533,-2,-8,2
-30,-366,16537,0,-9,2
-38,-384,16537,0,-9,2
-54,-368,16550,1,-8,1
-32,-370,16535,0,-9,1
-24,-379,16547,-2,-7,1
-46,-394,16533,-2,-8,1
-21,-368,16546,1,-8,-1
-31,-370,16531,1,-9,2
-34,-387,16537,1,-7,0
-41,-376,16551,0,-8,2
-42,-372,16538,1,-7,2
-26,-379,16549,0,-8,2
-37,-385,16526,1,-9,1
-25,-381,16543,-1,-10,0
-34,-374,16541,2,-9,1
-38,-375,16541,1,-9,3
-32,-372,16537,-1,-8,-1
-32,-376,16524,0,-9,1
-32,-377,16518,0,-7,2
-24,-377,16543,-1,-8,0
-55,-386,16514,-1,-10,1
-36,-382,16535,1,-10,1
-35,-380,16530,-1,-8,0
-38,-391,16524,-2,-9,2
-28,-381,16524,-2,-8,1
-33,-382,16509,1,-8,1
-52,-368,16542,0,-8,1
-29,-384,16524,0,-7,0
-50,-389,16516,-3,-9,2
-59,-399,16520,-1,-8,-1
-51,-379,16527,1,-10,2
-37,-377,16527,-1,-8,2
-50,-390,16541,1,-9,1
-51,-357,16534,0,-9,0
-29,-374,16541,1,-8,3
-27,-381,16535,0,-8,2
-34,-391,16523,1,-7,1
-63,-396,16513,0,-9,3
-51,-408,16517,-1,-9,3
-29,-375,16538,-1,-9,2
-31,-385,16538,-1,-9,1
-33,-366,16536,-1,-8,1
-35,-382,16526,1,-9,1
-43,-373,16521,1,-8,1
-57,-382,16526,2,-9,2
-42,-384,16523,0,-8,2
-44,-378,16517,-1,-9,1
-41,-383,16514,1,-10,3
-39,-380,16519,0,-10,0
-35,-395,16512,1,-8,2
-37,-379,16540,-1,-9,2
-53,-372,16517,1,-10,3
-44,-385,16509,0,-9,1
-40,-384,16512,0,-8,1
-29,-383,16547,0,-10,2
-32,-389,16529,0,-7,3
-56,-381,16513,-3,-7,1
-49,-378,16517,-1,-9,2
-36,-377,16558,-1,-8,-1
-23,-378,16534,0,-9,1
-31,-375,16536,-1,-10,0
-49,-385,16539,1,-10,2
-45,-395,16519,0,-9,1
-23,-386,16513,0,-8,3
-38,-380,16523,-1,-9,3
-38,-377,16516,-1,-8,1
-35,-390,16535,0,-9,2
-41,-383,16534,1,-8,0
-42,-387,16531,0,-7,0
-46,-379,16527,0,-7,1
-30,-391,16519,1,-9,3
-37,-372,16519,-1,-9,2
-48,-377,16519,-1,-8,1
-52,-394,16533,-1,-9,3
-48,-375,16528,0,-8,2
-68,-392,16515,0,-8,1
-32,-382,16520,-1,-11,0
-69,-388,16526,0,-9,2
-70,-384,16537,0,-9,2
-48,-392,16503,0,-8,2
-41,-378,16506,-2,-9,1
-22,-385,16513,1,-8,2
-22,-387,16519,0,-9,1
-35,-372,16546,1,-9,2
-67,-394,16516,1,-9,1
-56,-405,16536,0,-8,4
-48,-356,16532,0,-8,0
-37,-398,16535,0,-9,0
-44,-387,16531,0,-8,1
-44,-398,16504,-1,-9,2
-50,-383,16520,0,-10,1
-52,-391,16539,0,-9,0
-48,-372,16540,-1,-9,0
-41,-379,16517,-1,-8,0
-58,-393,16522,0,-10,2
-45,-396,16522,-1,-8,1
-41,-373,16506,0,-9,0
-34,-382,16514,-1,-9,1
-46,-384,16523,1,-8,1
-49,-384,16537,0,-9,2
-60,-382,16520,2,-9,1
-47,-379,16529,-1,-9,2
-56,-388,16547,-1,-9,1
-45,-366,16545,0,-7,1
-17,-357,16520,0,-9,2
-57,-367,16539,0,-8,0
-28,-385,16531,0,-8,1
-36,-373,16527,0,-9,2
-30,-379,16523,1,-8,1
-37,-379,16504,-1,-6,0
-55,-407,16514,-1,-8,1
-42,-390,16497,0,-9,1
-32,-370,16530,1,-7,1
-36,-390,16544,0,-9,1
-32,-391,16516,-2,-8,3
-39,-391,16523,1,-9,0
-41,-385,16511,-1,-10,2
-43,-403,16514,0,-9,0
-41,-368,16533,-1,-10,2
-46,-388,16526,1,-8,1
-46,-379,16537,0,-9,1
-35,-370,16537,-1,-8,2
-52,-382,16521,0,-8,0
-39,-370,16537,-1,-9,1
-30,-377,16522,1,-9,3
-59,-385,16528,-1,-7,0
-51,-379,16530,1,-10,0
-51,-389,16523,0,-8,1
-55,-405,16516,-2,-9,2
-40,-375,16540,1,-9,1
-35,-400,16524,0,-9,1
-40,-379,16546,0,-8,0
-28,-386,16550,-1,-9,0
-39,-386,16527,-1,-8,0
-45,-369,16529,0,-8,0
-40,-380,16527,-1,-8,1
-41,-377,16519,-1,-8,1
-44,-388,16537,0,-8,1
-39,-380,16525,0,-9,1
-42,-393,16521,0,-10,3
-40,-387,16536,1,-9,3
-53,-393,16518,0,-11,1
-33,-378,16545,1,-9,1
-35,-391,16523,-1,-8,0
-25,-377,16512,-1,-10,1
-36,-376,16540,3,-8,2
-52,-377,16518,2,-8,0
-47,-377,16529,0,-9,3
-40,-383,16545,-1,-9,2
-43,-377,16508,-1,-9,3
-44,-388,16537,-1,-8,0
-50,-388,16531,1,-10,3
-43,-380,16513,0,-9,2
-39,-387,16524,2,-8,3
-38,-392,16511,0,-9,1
-48,-391,16545,1,-9,1
-52,-360,16525,0,-8,2
-44,-391,16547,0,-9,0
-13,-385,16517,0,-10,2
-47,-383,16522,0,-8,1
-55,-373,16540,2,-9,2
-44,-380,16512,0,-8,2
-50,-384,16529,0,-9,0
-37,-403,16536,-1,-8,1
-44,-383,16519,1,-9,1
-53,-367,16514,-2,-9,2
-52,-374,16500,0,-9,0
-48,-386,16519,2,-8,0
-54,-385,16507,2,-10,1
-34,-366,16521,-1,-10,0
-29,-374,16521,-1,-8,1
-39,-388,16538,-1,-9,2
-49,-391,16515,0,-11,1
-44,-390,16522,-1,-10,0
-50,-413,16522,-1,-9,2
-38,-407,16533,0,-10,3
-57,-376,16523,-1,-9,1
-45,-392,16522,0,-9,1
-40,-376,16530,-2,-10,2
-40,-378,16526,0,-10,1
-41,-378,16526,0,-8,-1
-33,-378,16536,1,-11,2
-35,-386,16529,-2,-9,0
-29,-378,16521,-1,-10,1
-59,-407,16528,0,-8,2
-42,-406,16514,-1,-9,0
-38,-393,16521,-3,-10,0
-24,-378,16530,1,-9,-1
-41,-374,16509,-1,-9,1
-38,-380,16544,0,-8,1
-52,-393,16536,0,-9,1
-39,-383,16534,2,-10,1
-52,-396,16523,-2,-8,2
-50,-380,16520,0,-10,0
-28,-385,16513,-1,-9,1
-44,-380,16520,-2,-9,1
-33,-374,16551,-1,-9,1
-49,-395,16514,0,-9,2
-32,-375,16543,0,-9,1
-50,-382,16532,1,-9,2
-41,-394,16539,1,-10,0
-31,-370,16507,0,-9,2
-41,-390,16516,0,-9,2
-51,-391,16530,0,-9,1
-36,-386,16529,1,-11,1
-42,-386,16519,0,-9,0
-38,-366,16542,-1,-8,2
-34,-365,16525,0,-7,2
-49,-371,16531,0,-9,0
-49,-373,16529,-1,-10,1
-20,-375,16540,-1,-8,2
-27,-375,16530,-1,-9,0
-24,-369,16539,1,-8,2
-41,-395,16528,0,-10,1
-42,-393,16540,0,-7,0
-32,-388,16518,0,-10,2
-48,-382,16549,0,-8,1
-34,-383,16537,-1,-9,-1
-32,-370,16524,1,-10,2
-64,-398,16524,1,-9,2
-61,-375,16527,-1,-7,1
-52,-394,16523,0,-10,0
-45,-383,16524,0,-7,2
-34,-389,16517,-2,-9,0
-49,-387,16526,-1,-10,0
-23,-374,16536,0,-8,0
-34,-384,16534,0,-10,2
-62,-392,16522,0,-9,1
-50,-390,16504,-2,-10,0
-43,-378,16517,0,-9,0
-51,-387,16523,1,-9,1
-34,-392,16533,-1,-9,1
-42,-379,16517,0,-9,1
-46,-394,16506,0,-9,1
-46,-382,16508,0,-11,3
-39,-390,16521,-1,-9,1
-55,-385,16514,1,-9,2
-27,-389,16528,0,-8,1
-30,-375,16531,-1,-8,3
-39,-363,16532,-2,-9,0
-34,-366,16533,0,-9,3
-39,-358,16550,0,-8,-1
-35,-373,16530,1,-9,2
-41,-397,16524,0,-10,1
-40,-401,16527,-1,-9,2
-51,-398,16519,0,-10,1
-50,-390,16533,-1,-9,0
-71,-415,16507,1,-9,1
-29,-390,16531,-1,-9,1
-29,-376,16524,0,-10,0
-31,-374,16518,1,-9,1
-43,-377,16529,-1,-9,2
-50,-371,16543,1,-9,1
-47,-394,16525,-1,-10,0
-44,-381,16518,-1,-9,1
-48,-390,16529,0,-7,0
-48,-386,16517,0,-8,1
-61,-398,16528,-1,-7,1
-35,-368,16527,-1,-9,1
-30,-372,16535,-1,-9,0
-22,-388,16524,1,-8,2
-42,-365,16523,0,-9,2
-37,-366,16542,1,-9,1
-35,-373,16562,0,-8,1
-29,-352,16529,0,-8,2
-25,-355,16525,-2,-10,2
-38,-392,16516,-1,-9,0
-43,-392,16524,-2,-9,1
-41,-398,16531,0,-9,2
-46,-379,16517,1,-10,1
-34,-378,16534,-1,-8,1
-61,-377,16522,0,-9,0
-52,-390,16511,0,-9,2
-35,-387,16521,0,-9,1
-45,-382,16522,0,-9,0
-44,-390,16527,0,-8,2
-49,-387,16522,1,-7,1
-29,-379,16542,0,-8,2
-31,-388,16529,0,-8,2
-44,-383,16540,0,-8,1
-43,-385,16520,-2,-9,1
-47,-369,16547,2,-8,1
-43,-376,16533,-2,-8,1
-26,-381,16539,1,-8,1
-38,-387,16533,1,-9,1
-50,-392,16519,-2,-11,0
-58,-395,16517,0,-9,1
-58,-394,16523,-1,-8,0
-37,-375,16529,1,-8,1
-34,-378,16530,0,-9,0
-43,-382,16533,-2,-10,0
-37,-377,16532,-1,-8,1
-28,-386,16526,-1,-8,0
-39,-371,16536,0,-9,1
-35,-382,16521,1,-9,0
-50,-387,16513,-1,-8,1
-47,-379,16543,-1,-9,1
-41,-391,16532,1,-8,1
-43,-373,16533,0,-9,-1
-42,-390,16516,-1,-8,1
-49,-369,16530,-1,-9,1
-25,-380,16520,0,-10,0
-44,-393,16522,-1,-8,2
-30,-389,16536,0,-8,3
-17,-371,16530,0,-10,1
-38,-395,16518,0,-10,1
-27,-382,16518,1,-10,3
-42,-374,16518,0,-9,3
-36,-371,16529,-1,-8,-1
-34,-388,16532,-2,-9,1
-39,-388,16539,0,-9,2
-50,-377,16525,-1,-9,0
-27,-377,16528,0,-10,2
-30,-374,16534,0,-9,1
-46,-378,16526,0,-8,1
-35,-385,16526,-1,-8,1
-42,-381,16534,0,-9,1
-34,-387,16519,-2,-9,0
-21,-377,16533,0,-10,0
-36,-399,16531,0,-8,1
-32,-380,16542,-1,-10,3
-58,-365,16517,-1,-9,3
-41,-392,16523,-1,-9,2
-43,-378,16552,0,-8,1
-42,-379,16515,1,-8,0
-28,-394,16531,-2,-9,2
-49,-376,16527,0,-10,2
-35,-374,16528,1,-9,0
-40,-372,16526,-1,-9,0
-48,-389,16538,0,-10,2
-41,-387,16529,-1,-9,0
-41,-384,16531,-1,-10,1
-23,-370,16539,-1,-7,0
-45,-389,16524,0,-10,2
-32,-375,16526,0,-9,1
-37,-389,16537,0,-8,4
-50,-400,16529,-2,-11,0
-42,-388,16536,1,-9,0
-41,-386,16511,-2,-9,1
-30,-367,16547,0,-9,0
-38,-376,16528,0,-9,1
-30,-394,16519,0,-9,1
-21,-387,16539,-1,-10,1
-26,-384,16512,0,-10,1
-32,-387,16524,-2,-10,1
-39,-388,16517,2,-9,0
-42,-379,16525,-2,-10,2
-46,-379,16517,0,-8,1
-26,-381,16529,0,-9,2
-57,-388,16544,1,-10,2
-42,-378,16533,2,-8,1
-49,-370,16530,-1,-10,4
-28,-381,16523,2,-9,0
-26,-381,16527,1,-9,2
-44,-396,16539,-1,-10,1
-31,-374,16546,1,-9,0
-36,-373,16529,-1,-9,2
-74,-391,16515,-1,-8,1
-50,-375,16545,-1,-9,1
-31,-387,16529,1,-9,0
-22,-383,16542,-1,-9,1
-47,-378,16521,0,-9,2
-40,-376,16537,0,-9,1
-40,-381,16525,0,-10,0
-52,-383,16534,-2,-10,2
-44,-385,16538,-2,-10,0
-33,-368,16523,-2,-10,2
-34,-375,16526,-1,-8,0
-28,-363,16545,1,-9,2
-48,-384,16508,0,-7,1
-48,-384,16526,1,-9,2
-29,-354,16523,1,-8,-1
-43,-387,16528,0,-9,1
-33,-382,16527,1,-8,2
-23,-367,16542,-1,-9,1
-30,-395,16537,-1,-9,0
-39,-382,16526,0,-9,0
-26,-371,16527,-1,-9,1
-35,-391,16521,-1,-9,3
-41,-393,16530,0,-8,0
-29,-402,16544,0,-9,1
-27,-385,16530,-1,-9,1
-43,-371,16539,0,-9,1
-53,-388,16553,1,-9,2
-56,-388,16530,-1,-9,0
-48,-376,16534,-2,-10,0
-28,-392,16526,-1,-10,0
-40,-369,16545,-1,-10,0
-15,-371,16542,-2,-9,1
-17,-396,16550,-1,-8,1
-36,-367,16532,0,-10,1
-39,-389,16536,-1,-8,1
-50,-377,16548,-1,-9,1
-47,-375,16510,-1,-9,1
-37,-375,16533,-1,-9,0
-41,-392,16549,-1,-9,2
-42,-379,16518,0,-10,1
-48,-389,16527,0,-9,0
-30,-391,16521,0,-10,0
-38,-381,16527,0,-9,2
-45,-383,16545,1,-10,2
-26,-387,16534,-1,-9,0
-43,-386,16534,0,-9,1
-42,-376,16517,-2,-9,0
-41,-383,16527,-1,-9,1
-26,-370,16525,0,-11,0
-29,-370,16538,0,-9,1
-57,-386,16520,0,-9,0
-38,-412,16511,-3,-9,2
-44,-375,16541,-1,-10,0
-29,-382,16524,-2,-10,2
-45,-378,16539,0,-10,2
-42,-383,16525,-1,-8,-1
-15,-400,16524,0,-10,1
-55,-382,16520,-1,-9,0
-47,-381,16510,-1,-10,1
-27,-370,16530,0,-8,0
-31,-372,16531,-1,-10,2
-45,-377,16520,0,-8,1
-53,-394,16527,1,-9,1
-54,-369,16516,-1,-9,1
-20,-372,16528,-2,-10,2
-53,-387,16546,-2,-10,1
-57,-388,16524,2,-9,2
-31,-391,16539,1,-9,1
-42,-359,16541,-1,-9,2
-37,-357,16530,0,-11,2
-49,-396,16528,-1,-10,1
-25,-385,16553,-1,-9,0
-39,-373,16531,-2,-9,0
-43,-400,16539,-2,-10,1
-49,-400,16513,-1,-8,0
-42,-387,16520,-2,-8,1
-52,-366,16526,1,-9,0
-43,-387,16531,-2,-9,2
-35,-392,16522,-2,-9,2
-29,-401,16549,0,-10,1
-32,-370,16534,0,-9,1
-41,-370,16538,0,-8,0
-25,-380,16537,1,-9,0
-26,-369,16553,0,-8,1
-27,-380,16531,0,-11,1
-29,-381,16542,0,-9,2
-23,-368,16540,-1,-8,2
-34,-365,16539,-1,-8,1
-45,-364,16524,-2,-10,2
-40,-382,16526,1,-8,1
-23,-365,16523,0,-9,2
-18,-367,16533,-1,-8,-1
-29,-379,16546,-1,-9,0
-53,-394,16530,0,-9,1
-37,-395,16512,1,-8,0
-31,-384,16530,-2,-9,2
-37,-383,16518,-3,-9,0
-38,-385,16529,-1,-8,1
-51,-392,16542,-1,-9,2
-42,-373,16544,0,-11,1
-54,-380,16536,-1,-10,-1
-52,-391,16541,1,-8,1
-31,-383,16528,-1,-10,1
-31,-375,16529,-3,-8,1
-18,-358,16524,-1,-10,2
-57,-387,16524,-1,-10,1
-39,-390,16540,-3,-9,1
-52,-391,16529,-2,-8,2
-58,-391,16519,-1,-9,3
-45,-383,16509,-2,-8,0
-49,-385,16530,0,-9,1
-51,-370,16532,0,-8,1
-40,-399,16537,-3,-9,1
-23,-390,16527,-1,-8,0
-33,-359,16544,0,-10,1
-47,-380,16525,-1,-10,1
-31,-376,16536,-1,-9,1
-44,-368,16518,1,-10,2
-31,-382,16538,0,-9,2
-41,-387,16533,-2,-8,1
-47,-390,16539,-1,-9,2
-39,-391,16525,-2,-7,0
-35,-379,16527,-1,-9,2
-29,-378,16536,0,-8,1
-50,-376,16517,-1,-8,2
-46,-350,16547,-1,-9,1
-35,-380,16521,2,-9,3
-45,-392,16518,0,-9,1
-44,-363,16523,0,-8,1
-53,-383,16534,0,-9,0
-55,-384,16529,-2,-8,-1
-35,-384,16532,-2,-8,3
-43,-385,16533,-1,-8,1
-36,-376,16518,-1,-8,2
-43,-397,16528,1,-9,1
-56,-394,16530,1,-9,1
-41,-378,16533,1,-9,2
-25,-367,16533,-1,-9,0
-42,-379,16547,0,-8,2
-37,-382,16550,1,-8,1
-44,-375,16533,-1,-9,0
-34,-388,16521,-1,-11,1
-56,-367,16539,2,-9,2
-32,-377,16534,0,-9,3
-42,-392,16526,0,-10,2
-45,-385,16529,-2,-10,1
-47,-378,16531,-1,-10,2
-31,-397,16527,1,-7,2
-58,-385,16517,1,-8,2
-42,-380,16542,-2,-10,3
-50,-397,16531,-1,-10,2
-42,-375,16539,0,-9,2
-36,-391,16516,0,-9,1
-47,-373,16521,1,-10,2
-36,-375,16533,0,-9,0
-27,-386,16530,1,-11,1
-46,-373,16525,0,-8,2
-33,-405,16528,-1,-10,1
-33,-379,16545,-1,-8,2
-40,-389,16527,-2,-9,2
-54,-382,16528,1,-8,1
-40,-395,16540,0,-9,1
-53,-400,16540,1,-11,3
-31,-370,16538,0,-10,2
-35,-394,16529,1,-7,3
-30,-373,16541,1,-10,-1
-48,-394,16535,0,-9,1
-34,-381,16536,0,-10,1
-38,-374,16533,2,-10,2
-45,-400,16535,-1,-10,1
-30,-382,16534,-1,-10,2
-29,-388,16524,-1,-9,0
-46,-381,16522,-2,-10,1
-28,-381,16537,-2,-9,0
-36,-371,16541,-1,-10,2
-40,-365,16531,0,-10,0
-43,-392,16521,-1,-10,1
-42,-385,16529,1,-8,1
-38,-381,16546,-2,-9,2
-52,-375,16512,-1,-10,0
-38,-396,16544,-1,-10,2
-32,-393,16522,-2,-10,0
-53,-385,16526,-1,-8,1
-41,-389,16518,0,-9,1
-32,-373,16531,0,-7,1
-34,-366,16534,-1,-9,0
-33,-374,16523,-1,-9,1
-40,-387,16526,-1,-9,0
-41,-389,16521,1,-11,1
-39,-389,16537,0,-9,1
-36,-383,16545,-1,-9,0
-31,-379,16534,0,-9,2
-22,-374,16540,2,-8,2
-34,-384,16539,2,-9,0
-26,-381,16531,1,-9,1
-42,-378,16526,-1,-8,1
-60,-396,16508,0,-9,1
-57,-375,16538,1,-9,0
-42,-385,16521,1,-8,1
-29,-370,16538,0,-9,1
-50,-394,16513,0,-10,0
-28,-374,16533,-2,-10,2
-48,-380,16542,0,-8,0
-31,-381,16519,1,-9,1
-42,-373,16524,-2,-10,2
-39,-391,16538,0,-9,1
-46,-380,16530,0,-8,1
-39,-382,16528,-1,-7,1
-52,-403,16509,1,-10,2
-32,-373,16535,0,-10,0
-34,-371,16530,-2,-10,2
-46,-377,16513,0,-8,1
-31,-384,16539,1,-10,0
-52,-379,16525,1,-9,2
-28,-377,16550,1,-9,1
-34,-375,16518,0,-9,3
-22,-398,16521,-1,-8,2
-43,-401,16519,0,-8,1
-44,-377,16535,0,-10,0
-39,-394,16534,-1,-8,0
-32,-377,16524,0,-9,2
-40,-370,16527,-1,-7,1
-41,-377,16537,0,-8,-1
-32,-384,16525,-2,-10,-1
-38,-365,16546,2,-9,0
-26,-387,16550,1,-9,3
-17,-375,16551,2,-9,1
-51,-383,16543,1,-10,-1
-39,-389,16538,0,-9,2
-47,-368,16520,1,-10,1
-37,-365,16542,1,-9,0
-25,-378,16547,0,-9,1
-12,-377,16544,0,-7,0
-37,-359,16547,0,-8,2
-38,-378,16525,1,-10,1
-29,-371,16541,-2,-10,1
-26,-378,16533,1,-9,2
-36,-368,16514,-3,-7,0
-50,-390,16521,1,-10,1
-40,-382,16530,0,-8,1
-36,-377,16537,-1,-8,2
-37,-378,16539,-1,-7,2
-41,-407,16519,-2,-8,2
-30,-392,16523,-1,-8,0
-38,-366,16522,-1,-9,0
-39,-382,16522,0,-8,2
-13,-365,16533,0,-9,1
-39,-377,16532,1,-10,0
-40,-372,16534,0,-9,2
-61,-393,16513,1,-9,2
-39,-381,16533,-1,-8,1
-35,-391,16530,0,-8,1
-33,-382,16518,2,-10,2
-38,-384,16532,-1,-8,1
-51,-391,16516,0,-8,1
-36,-376,16532,1,-10,2
-35,-361,16520,-1,-6,1
-37,-368,16521,0,-11,1
-46,-373,16529,0,-7,0
-40,-367,16537,0,-8,1
-53,-385,16524,-1,-9,2
-18,-375,16543,0,-10,1
-40,-385,16525,-1,-9,2
-19,-376,16536,0,-10,0
-50,-390,16516,-1,-9,1
-51,-382,16517,1,-10,1
-32,-377,16539,-2,-8,1
-34,-370,16520,2,-9,1
-43,-382,16511,-1,-8,0
-55,-379,16526,1,-7,0
-43,-415,16543,-3,-9,1
-43,-400,16519,-2,-8,0
-43,-379,16526,1,-11,3
-18,-385,16534,-1,-9,0
-54,-391,16522,0,-10,0
-63,-391,16527,-1,-9,1
-54,-384,16521,1,-9,2
-39,-384,16520,0,-10,1
-55,-399,16520,-1,-8,3
-51,-395,16516,-1,-11,1
-43,-393,16533,-1,-11,0
-56,-395,16518,-1,-10,3
-49,-380,16518,-1,-9,1
-34,-376,16535,0,-10,2
-48,-390,16525,0,-8,0
-44,-398,16516,-1,-10,0
-51,-383,16547,-2,-9,0
-56,-374,16539,0,-9,2
-36,-391,16527,1,-10,1
-22,-395,16533,-1,-10,1
-48,-376,16524,-2,-11,1
-48,-378,16533,0,-9,2
-48,-399,16529,1,-9,2
-34,-387,16535,2,-7,1
-51,-382,16524,1,-10,2
-32,-366,16527,-1,-9,1
-46,-400,16519,1,-8,1
-44,-397,16526,-2,-9,3
-45,-385,16531,-1,-10,1
-46,-403,16527,0,-8,2
-44,-398,16515,0,-11,1
-35,-395,16523,-1,-10,1
-64,-376,16515,-2,-9,0
-49,-390,16540,-1,-8,1
-39,-380,16520,-1,-11,3
-47,-380,16534,-1,-8,2
-44,-381,16521,-1,-10,3
-44,-369,16546,-1,-9,3
-49,-380,16532,0,-9,2
-33,-392,16534,1,-9,-1
-43,-371,16540,0,-9,1
-29,-376,16536,0,-9,2
-57,-395,16527,0,-10,0
-29,-387,16532,0,-9,3
-36,-373,16534,1,-9,2
-44,-370,16521,0,-9,0
-45,-390,16544,1,-10,2
-61,-388,16519,1,-9,1
-42,-386,16510,1,-9,0
-37,-392,16538,0,-10,2
-35,-383,16528,0,-10,0
-65,-385,16528,-1,-9,1
-28,-379,16522,1,-12,1
-31,-375,16543,0,-9,2
-47,-384,16529,-1,-10,2
-52,-386,16522,-1,-10,1
-41,-376,16539,-1,-8,2
-46,-392,16520,1,-7,2
-36,-381,16540,0,-10,1
-44,-388,16527,0,-10,2
-57,-388,16518,-1,-8,1
-53,-391,16517,-1,-8,1
-46,-395,16535,0,-9,1
-60,-397,16518,-1,-8,2
-28,-377,16531,-1,-10,2
-45,-391,16528,0,-8,2
-67,-386,16531,0,-10,2
-48,-394,16527,-2,-8,0
-43,-390,16516,-2,-9,2
-42,-380,16520,0,-9,2
-34,-372,16519,0,-10,2
-39,-385,16530,0,-10,0
-27,-364,16544,0,-11,2
-31,-387,16546,-1,-10,1
-45,-399,16527,0,-10,3
-54,-382,16520,0,-9,4
-39,-370,16522,2,-8,1
-43,-395,16533,-1,-10,0
-34,-379,16517,-1,-9,2
-44,-390,16525,2,-9,1
-41,-382,16543,1,-9,2
-36,-385,16527,-3,-10,1
-48,-395,16525,-1,-8,0
-45,-396,16519,-2,-8,0
-40,-382,16525,0,-9,3
-30,-380,16530,-1,-9,3
-46,-386,16538,0,-10,2
-51,-392,16524,0,-10,1
-29,-388,16517,0,-7,3
-38,-390,16518,0,-8,0
-38,-383,16536,-1,-8,2
-40,-377,16533,0,-9,2
-38,-384,16534,0,-10,1
-31,-375,16529,2,-9,2
-29,-388,16525,-1,-10,2
-33,-367,16525,0,-10,2
-45,-384,16529,0,-10,2
-33,-384,16532,-1,-9,1
-32,-373,16538,-1,-9,2
-41,-386,16537,1,-7,2
-72,-405,16520,0,-9,0
-39,-382,16506,-1,-8,2
-41,-383,16516,0,-10,0
-45,-391,16515,-1,-9,0
-30,-382,16534,0,-9,0
-34,-382,16532,1,-10,1
-37,-372,16534,1,-9,1
-41,-374,16536,0,-9,2
-44,-379,16521,-1,-10,1
-70,-402,16526,-1,-8,0
-52,-393,16506,-1,-10,1
-31,-369,16535,0,-9,0
-50,-391,16536,1,-10,3
-44,-376,16541,0,-8,1
-48,-396,16527,0,-8,1
-61,-389,16512,-1,-10,3
-65,-392,16531,-1,-10,3
-31,-391,16524,1,-8,1
-47,-378,16521,-3,-10,0
-45,-396,16527,0,-10,0
-27,-366,16529,-1,-8,2
-38,-383,16534,-1,-9,0
-39,-380,16539,0,-9,2
-38,-390,16525,0,-9,0
-46,-382,16520,-1,-9,2
-39,-397,16525,1,-11,2
-43,-383,16531,0,-9,1
-36,-378,16530,2,-8,1
-44,-377,16519,-1,-9,0
-41,-396,16527,0,-11,1
-53,-390,16541,1,-9,1
-36,-379,16517,0,-8,1
-53,-399,16524,0,-9,0
-59,-387,16528,0,-8,1
-38,-390,16514,-2,-8,1
-46,-389,16516,0,-9,3
-30,-369,16524,2,-9,0
-41,-390,16510,0,-7,2
-48,-390,16510,0,-9,2
-51,-390,16517,-1,-9,0
-59,-383,16522,1,-9,1
-41,-390,16517,-1,-8,1
-43,-380,16519,-1,-8,3
-44,-385,16523,-1,-8,0
-49,-406,16531,-1,-10,2
-38,-384,16503,-1,-10,2
-48,-373,16518,-1,-10,3
-55,-388,16520,-1,-8,1
-35,-378,16524,-1,-9,1
-19,-369,16542,0,-10,1
-32,-390,16521,1,-10,0
-48,-374,16522,-1,-8,1
-42,-376,16505,-1,-9,0
-39,-381,16524,0,-10,1
-41,-385,16526,1,-10,1
-32,-378,16526,0,-10,-1
-36,-368,16541,0,-8,2
-43,-384,16530,-1,-10,1
-20,-365,16531,0,-10,1
-35,-383,16527,1,-10,1
-47,-393,16533,0,-10,1
-31,-376,16536,1,-10,2
-50,-386,16528,1,-8,-1
-25,-375,16537,-1,-11,1
-38,-375,16532,1,-9,1
-51,-395,16542,1,-9,3
-48,-376,16518,-1,-9,0
-35,-389,16513,-1,-9,2
-40,-407,16542,-1,-11,1
-43,-392,16529,-1,-8,2
-31,-399,16517,2,-10,2
-33,-389,16545,0,-8,2
-56,-391,16534,-1,-9,2
-45,-384,16527,0,-10,2
-31,-377,16522,1,-11,2
-38,-380,16523,0,-10,0
-44,-383,16545,0,-8,1
-36,-372,16533,-2,-8,1
-37,-378,16517,0,-10,0
-29,-371,16537,-1,-9,4
-43,-372,16538,-1,-7,2
-36,-389,16520,-1,-11,1
-41,-367,16531,-1,-10,1
-39,-398,16543,0,-9,0
-42,-374,16518,-1,-10,-1
-47,-384,16515,1,-12,2
-51,-383,16531,-1,-10,1
-14,-383,16528,0,-8,0
-48,-389,16519,-1,-9,1
-34,-392,16532,-1,-11,3
-46,-372,16542,-1,-8,0
-20,-389,16529,-1,-10,-1
-42,-379,16543,0,-11,0
-33,-374,16533,0,-10,1
-36,-376,16537,-1,-7,2
-56,-373,16512,-2,-9,1
-46,-383,16529,1,-9,0
-41,-372,16521,2,-11,0
-29,-391,16539,-1,-9,2
-48,-374,16540,-1,-8,1
-44,-382,16520,2,-11,2
-17,-380,16523,0,-7,1
-48,-387,16528,0,-8,0
-52,-383,16539,1,-10,1
-39,-389,16534,0,-9,1
-43,-391,16523,-1,-10,2
-58,-383,16532,-1,-10,1
-32,-382,16522,1,-11,0
-40,-392,16514,-1,-8,1
-30,-383,16523,-1,-9,0
-42,-393,16514,1,-9,1
-57,-394,16519,-2,-11,1
-29,-382,16549,0,-10,3
-41,-404,16516,0,-10,0
-48,-388,16523,0,-10,3
-24,-370,16531,0,-9,1
-27,-380,16521,1,-8,2
-48,-403,16531,0,-10,2
-42,-413,16512,-1,-9,2
-47,-383,16535,1,-9,1
-38,-386,16521,0,-10,1
-41,-402,16522,0,-8,1
-46,-389,16535,-2,-8,2
-37,-390,16518,1,-10,2
-30,-368,16538,0,-9,2
-41,-377,16530,1,-8,2
-44,-376,16534,-2,-9,1
-45,-356,16547,1,-8,3
-47,-399,16533,0,-9,1
-33,-364,16542,0,-11,1
-46,-380,16541,-1,-11,1
-60,-382,16523,0,-10,-1
-56,-383,16525,0,-10,1
-44,-370,16529,-1,-9,3
-52,-373,16515,-1,-10,1
-46,-394,16528,0,-10,1
-44,-382,16547,0,-9,2
-56,-378,16524,-1,-11,1
-38,-370,16532,0,-9,0
-37,-399,16516,-2,-8,3
-33,-391,16525,1,-9,1
-37,-369,16545,0,-10,3
-53,-387,16509,0,-9,0
-50,-393,16511,1,-9,0
-34,-370,16526,0,-8,0
-38,-395,16516,0,-8,2
-35,-387,16524,-1,-10,1
-37,-370,16523,0,-9,2
-48,-384,16527,-1,-9,0
-30,-393,16527,-2,-11,1
-53,-383,16508,1,-9,1
-46,-384,16524,-1,-10,0
-30,-367,16534,1,-8,2
-36,-382,16536,-1,-10,2
-35,-374,16540,-2,-10,-1
-46,-388,16531,0,-10,-1
-55,-378,16520,0,-9,2
-43,-400,16517,-1,-9,0
-44,-394,16539,0,-9,1
-47,-376,16534,-2,-10,3
-24,-363,16544,1,-8,0
-11,-379,16524,0,-9,3
-34,-381,16535,1,-8,2
-42,-374,16530,1,-11,3
-37,-379,16529,-1,-10,0
-27,-381,16511,-1,-10,1
-37,-385,16539,0,-10,0
-37,-384,16529,0,-9,0
-51,-388,16528,0,-9,0
-24,-382,16523,1,-11,0
-25,-381,16521,-1,-9,1
-50,-390,16519,1,-9,3
-44,-385,16533,0,-8,1
-49,-400,16514,-1,-9,2
-21,-390,16530,-1,-10,0
-36,-385,16533,-1,-8,1
-41,-393,16538,0,-10,1
-31,-396,16523,-1,-9,3
-47,-370,16526,-1,-9,1
-40,-399,16524,1,-9,1
-46,-371,16533,-1,-8,0
-53,-383,16524,1,-10,1
-50,-389,16523,0,-11,1
-46,-384,16529,0,-9,0
-40,-390,16523,-2,-10,1
-41,-385,16533,-2,-10,1
-44,-387,16522,0,-11,1
-42,-389,16529,-1,-9,2
-42,-387,16519,-1,-10,2
-28,-375,16538,-2,-9,1
-33,-377,16548,0,-11,0
-53,-392,16517,-1,-10,1
-58,-386,16526,0,-10,3
-55,-377,16532,-1,-8,0
-69,-386,16517,-1,-10,2
-43,-378,16528,2,-10,1
-36,-368,16538,0,-10,1
-35,-380,16527,-1,-9,-1
-38,-383,16527,1,-9,0
-37,-376,16526,-1,-9,0
-39,-369,16531,-1,-10,0
-25,-373,16521,1,-9,1
-48,-380,16532,0,-9,2
-38,-390,16515,-1,-10,0
-42,-385,16540,-1,-9,2
-26,-387,16524,0,-8,1
-57,-384,16524,-2,-7,2
-54,-384,16540,-1,-9,2
-33,-385,16540,-1,-9,2
-51,-378,16541,0,-11,2
-27,-364,16514,-1,-9,0
-42,-387,16524,0,-9,1
-55,-382,16543,0,-10,0
-52,-383,16521,-1,-9,1
-28,-391,16511,-1,-10,0
-40,-373,16526,-1,-10,0
-29,-393,16524,0,-8,-1
-31,-388,16530,-1,-10,2
-52,-402,16521,0,-9,3
-26,-368,16514,2,-9,1
-51,-386,16541,1,-10,0
-57,-386,16547,0,-10,0
-31,-382,16533,1,-11,0
-45,-387,16531,-1,-10,2
-42,-376,16534,-1,-10,2
-37,-387,16506,0,-11,1
-25,-380,16526,-1,-9,1
-40,-381,16525,0,-10,-1
-39,-372,16531,0,-10,1
-45,-384,16522,0,-9,1
-33,-379,16538,0,-9,3
-39,-389,16536,1,-8,0
-37,-384,16522,-2,-10,1
-49,-388,16509,-1,-10,1
-43,-388,16531,1,-9,2
-53,-385,16520,-1,-10,2
-50,-393,16519,-1,-9,2
-31,-399,16520,1,-10,1
-27,-386,16529,0,-11,-1
-42,-390,16519,-1,-7,1
-41,-367,16530,-2,-9,1
-53,-388,16524,-2,-9,1
-34,-388,16515,-1,-9,0
-56,-378,16513,-2,-10,0
-54,-389,16537,1,-10,1
-40,-376,16526,0,-10,1
-48,-373,16538,-1,-10,0
-59,-387,16534,-1,-9,1
-48,-401,16518,0,-9,1
-48,-389,16531,-2,-11,-1
-38,-371,16539,-1,-10,2
-29,-385,16549,0,-10,2
-28,-383,16529,0,-10,1
-36,-390,16538,1,-11,-1
-21,-375,16539,1,-8,0
-36,-398,16520,0,-12,1
-50,-380,16537,-1,-9,1
-51,-376,16542,0,-9,0
-36,-389,16523,0,-11,2
-40,-385,16512,-1,-10,1
-52,-378,16524,-2,-8,2
-27,-383,16528,1,-9,1
-36,-364,16526,1,-10,2
-39,-376,16532,-1,-9,2
-32,-391,16522,-2,-11,1
-40,-388,16528,-1,-9,0
-42,-387,16536,-2,-10,0
-35,-386,16513,1,-9,0
-53,-379,16523,0,-10,0
-46,-364,16533,-1,-10,-1
-49,-393,16511,-2,-11,-1
-41,-393,16527,-1,-10,0
-46,-391,16524,1,-9,1
-49,-394,16529,2,-10,3
-42,-385,16522,0,-9,1
-37,-374,16521,-2,-8,0
-32,-392,16522,-2,-8,1
-31,-376,16528,1,-10,1
-66,-398,16535,0,-10,2
-34,-384,16533,0,-10,0
-31,-388,16520,-1,-9,0
-55,-379,16518,0,-9,1
-32,-378,16510,0,-9,0
-33,-382,16528,0,-9,1
-40,-404,16520,1,-11,1
-46,-391,16512,2,-10,0
-48,-394,16534,-1,-9,1
-41,-376,16535,1,-10,1
-43,-385,16532,0,-11,0
-60,-392,16524,0,-8,0
-64,-387,16522,-1,-9,2
-57,-399,16535,-1,-10,0
-40,-378,16530,0,-8,0
-46,-375,16514,0,-9,3
-24,-377,16532,0,-8,1
-53,-391,16509,0,-9,-1
-40,-382,16524,1,-9,2
-31,-387,16524,-1,-8,1
-40,-382,16538,-2,-11,1
-43,-389,16512,0,-11,1
-49,-380,16521,-1,-11,2
-42,-381,16518,-1,-9,2
-35,-384,16536,1,-10,2
-39,-372,16515,0,-10,2
-58,-391,16518,0,-9,2
-37,-377,16531,0,-9,0
-56,-397,16516,-1,-10,-1
-47,-406,16528,0,-8,0
-33,-390,16533,0,-12,0
-55,-403,16529,2,-10,0
-46,-386,16511,2,-8,1
-59,-373,16556,-1,-9,1
-33,-380,16524,1,-9,3
-43,-389,16541,0,-11,1
-26,-370,16539,-2,-11,1
-37,-405,16519,-2,-9,2
-39,-391,16518,-1,-10,1
-47,-385,16541,-1,-10,1
-27,-365,16536,0,-9,2
-64,-395,16511,1,-9,1
-51,-377,16519,0,-9,0
-33,-367,16533,-1,-10,1
-42,-380,16542,0,-9,1
-46,-376,16545,0,-9,2
-31,-386,16527,0,-9,1
-60,-381,16539,-1,-11,2
-40,-373,16529,1,-11,3
-48,-370,16512,1,-9,2
-33,-384,16535,-1,-9,2
-67,-386,16531,-1,-11,1
-47,-397,16520,0,-8,2
-45,-384,16530,1,-9,1
-66,-403,16512,-1,-10,1
-56,-398,16511,-1,-9,1
-41,-381,16533,1,-10,0
-50,-383,16525,-1,-9,0
-33,-375,16540,0,-9,4
-43,-389,16524,-2,-10,0
-25,-375,16549,-1,-8,-1
-33,-383,16525,0,-9,1
-39,-371,16528,-1,-9,1
-34,-374,16540,-1,-11,0
-38,-371,16539,0,-10,1
-41,-381,16509,1,-9,0
-18,-361,16508,0,-11,0
-24,-382,16536,-1,-11,2
-33,-372,16524,0,-11,0
-45,-360,16527,0,-10,1
-48,-367,16523,0,-9,1
-43,-380,16523,1,-10,1
-31,-374,16538,0,-10,0
-35,-387,16538,0,-9,1
-41,-354,16546,-3,-10,0
-46,-390,16519,-1,-10,-1
-51,-401,16534,-1,-10,1
-30,-377,16524,-1,-8,0
-57,-388,16534,0,-10,1
-47,-378,16528,-2,-10,2
-39,-371,16532,0,-9,2
-44,-388,16521,0,-11,2
-47,-382,16522,0,-9,1
-70,-397,16534,0,-8,3
-33,-378,16529,0,-11,2
-36,-388,16525,0,-10,1
-54,-386,16520,-1,-8,1
-59,-388,16535,1,-10,1
-37,-376,16559,-1,-10,0
-32,-360,16533,0,-10,2
-44,-383,16527,0,-10,1
-47,-396,16518,-1,-9,2
-41,-390,16518,-2,-9,2
-40,-382,16543,0,-10,0
-41,-378,16528,-1,-10,1
-49,-373,16547,-3,-9,1
-47,-381,16513,-1,-9,1
-42,-386,16546,-1,-8,1
-51,-380,16531,-3,-11,0
-65,-401,16525,-1,-11,0
-50,-389,16539,-1,-9,0
-43,-370,16529,-2,-10,1
-54,-371,16528,-1,-9,2
-47,-379,16530,1,-10,0
-44,-377,16522,1,-10,2
-63,-400,16513,0,-10,0
-52,-388,16525,1,-9,1
-28,-379,16516,0,-10,2
-54,-380,16517,0,-10,2
-40,-385,16535,1,-9,2
-54,-375,16539,-1,-10,0
-61,-384,16519,-1,-10,0
-33,-383,16511,2,-10,1
-38,-397,16535,-2,-10,1
-45,-399,16507,0,-9,0
-35,-411,16517,0,-10,4
-37,-379,16520,-2,-10,2
-34,-390,16517,-2,-9,1
-42,-392,16542,-2,-9,1
-38,-377,16519,1,-10,0
-54,-379,16511,0,-10,2
-45,-384,16533,1,-9,-1
-43,-387,16518,1,-10,2
-31,-396,16522,1,-10,0
-37,-386,16540,-2,-9,1
-62,-386,16506,0,-11,1
-37,-379,16529,0,-9,0
-45,-389,16521,-1,-11,0
-26,-376,16525,0,-10,2
-51,-377,16520,1,-9,1
-45,-372,16530,0,-9,0
-55,-371,16515,1,-8,0
-48,-387,16518,-1,-10,0
-50,-387,16521,-1,-8,1
-64,-373,16532,-1,-9,0
-48,-386,16519,2,-9,2
-60,-369,16524,0,-9,2
-48,-365,16535,-1,-8,1
-56,-386,16517,1,-9,-1
-31,-370,16520,2,-10,0
-37,-387,16523,0,-9,2
-71,-385,16528,0,-9,0
-42,-380,16526,-2,-9,0
-66,-385,16524,1,-10,1
-23,-382,16522,1,-9,2
-50,-375,16532,-1,-9,0
-44,-386,16523,0,-8,0
-49,-379,16535,1,-9,1
-43,-381,16535,0,-9,2
-54,-390,16526,2,-9,2
-40,-387,16525,-2,-10,1
-48,-374,16521,-1,-11,0
-34,-387,16524,-1,-11,1
-31,-370,16524,-1,-10,-1
-39,-381,16529,-1,-9,-1
-40,-380,16505,-1,-10,1
-34,-380,16539,0,-9,1
-50,-375,16521,0,-8,-1
-22,-384,16529,-2,-9,0
-51,-379,16517,1,-10,0
-56,-368,16533,1,-8,2
-59,-388,16505,-2,-10,1
-51,-371,16532,-1,-10,1
-45,-389,16519,0,-9,2
-33,-389,16537,0,-10,3
-31,-375,16518,1,-11,2
-48,-389,16531,-1,-9,1
-53,-386,16526,1,-9,0
-65,-386,16540,1,-11,2
-55,-401,16511,0,-10,0
-30,-369,16524,-1,-10,1
-38,-380,16523,-1,-10,2
-40,-396,16516,-1,-9,2
-48,-385,16519,0,-9,1
-32,-376,16532,-2,-10,1
-35,-380,16535,0,-10,3
-51,-401,16514,2,-9,-1
-49,-395,16512,0,-10,0
-42,-383,16523,0,-8,1
-45,-380,16521,1,-9,0
-67,-398,16527,-1,-10,1
-33,-394,16533,-1,-10,2
-31,-389,16560,1,-9,1
-43,-388,16514,0,-10,1
-46,-387,16516,-1,-10,-1
-31,-384,16530,-1,-10,0
-47,-368,16525,0,-9,0
-41,-378,16532,1,-10,0
-27,-389,16542,-3,-11,2
-46,-407,16525,-1,-10,0
-45,-398,16522,1,-9,0
-27,-373,16534,-1,-10,0
-39,-363,16540,1,-10,2
-48,-381,16531,0,-9,0
-32,-374,16538,0,-10,0
-52,-392,16523,0,-10,2
-62,-388,16542,0,-11,0
-40,-391,16531,0,-10,0
-43,-401,16514,0,-11,-1
-37,-373,16523,0,-10,2
-46,-368,16524,-2,-10,1
-36,-397,16525,0,-10,0
-52,-369,16514,-1,-9,0
-42,-383,16516,-1,-10,0
-18,-390,16541,0,-10,2
-28,-384,16544,0,-12,1
-68,-366,16534,0,-10,0
-58,-392,16522,0,-10,1
-49,-406,16530,-2,-12,1
-57,-393,16528,1,-9,1
-65,-416,16497,1,-12,1
-34,-393,16524,-1,-8,0
-42,-401,16525,0,-10,2
-69,-382,16526,-1,-11,3
-34,-380,16523,0,-9,0
-44,-381,16526,0,-10,1
-32,-379,16526,0,-10,1
-36,-384,16513,0,-9,1
-30,-397,16530,0,-10,2
-26,-386,16527,0,-9,2
-46,-399,16535,1,-10,0
-56,-382,16538,1,-9,0
-39,-399,16543,0,-11,2
-19,-375,16525,-2,-9,1
-33,-392,16529,0,-11,1
-45,-376,16532,0,-11,1
-31,-380,16526,0,-10,2
-43,-381,16525,0,-11,2
-39,-386,16541,0,-10,-1
-45,-384,16533,0,-9,1
-29,-366,16541,0,-11,2
-45,-370,16519,0,-10,-1
-43,-388,16534,1,-9,1
-63,-398,16534,1,-10,1
-44,-387,16540,-2,-10,1
-50,-370,16525,-1,-9,0
-24,-388,16533,1,-10,0
-45,-394,16522,-1,-10,0
-42,-378,16527,-2,-10,2
-56,-394,16523,-1,-10,0
-36,-403,16516,-1,-9,2
-43,-371,16535,2,-11,0
-55,-388,16524,1,-11,1
-41,-387,16525,0,-8,0
-43,-377,16532,1,-10,1
-42,-366,16541,-1,-8,2
-28,-392,16531,1,-8,0
-34,-376,16523,-1,-9,1
-32,-386,16543,0,-10,2
-52,-391,16528,-3,-11,1
-68,-399,16515,1,-11,1
-40,-401,16517,-1,-8,1
-49,-389,16525,-1,-9,0
-44,-385,16530,-1,-11,2
-62,-381,16522,-1,-11,-1
-40,-381,16523,0,-10,2
-61,-407,16526,-1,-9,4
-50,-388,16531,-1,-9,1
-68,-386,16522,0,-10,3
-41,-380,16530,-1,-9,1
-42,-381,16532,1,-11,1
-54,-388,16526,0,-12,0
-35,-374,16533,-1,-12,2
-51,-384,16523,-1,-10,0
-23,-377,16547,-1,-9,1
-62,-390,16520,0,-10,0
-36,-381,16527,-1,-10,2
-75,-380,16531,-2,-10,0
-38,-366,16534,-3,-10,0
-57,-380,16527,-1,-10,1
-62,-397,16525,0,-11,0
-65,-397,16524,0,-8,2
-39,-381,16511,-1,-10,1
-42,-385,16543,0,-9,2
-31,-384,16528,0,-10,3
-55,-388,16498,0,-10,1
-38,-369,16525,1,-9,1
-57,-386,16525,-1,-11,1
-43,-393,16528,0,-9,0
-68,-389,16513,-1,-9,1
-42,-377,16518,1,-11,1
-45,-385,16518,-1,-9,-1
-54,-383,16519,-1,-9,2
-41,-402,16528,-2,-10,1
-37,-379,16522,0,-12,0
-37,-369,16522,-1,-10,1
-54,-378,16528,0,-10,0
-35,-373,16512,-1,-9,-1
-49,-376,16535,-2,-9,2
-57,-380,16530,-1,-10,1
-49,-392,16516,0,-11,1
-59,-381,16530,-1,-10,1
-40,-384,16517,0,-9,1
-48,-381,16532,-1,-9,1
-36,-362,16519,0,-9,2
-47,-377,16528,-2,-10,2
-60,-383,16530,-1,-10,0
-52,-376,16539,0,-9,-1
-46,-376,16514,0,-10,2
-49,-386,16527,-2,-11,1
-44,-391,16524,0,-9,0
-56,-397,16511,1,-10,2
-48,-379,16524,-1,-9,0
-43,-397,16536,1,-10,-1
-52,-403,16525,0,-10,0
-42,-398,16538,0,-9,2
-54,-386,16531,-1,-10,2
-62,-374,16535,-1,-10,1
-39,-382,16525,0,-8,0
-43,-390,16529,0,-11,0
-31,-393,16514,-1,-9,0
-35,-387,16535,0,-10,1
-45,-380,16536,-1,-9,2
-37,-390,16531,-1,-11,-1
-42,-379,16521,0,-9,2
-32,-389,16533,0,-9,1
-39,-368,16532,1,-10,2
-47,-396,16513,0,-9,1
-43,-387,16519,-1,-11,-1
-61,-387,16518,-2,-10,0
-45,-383,16533,-1,-9,1
-41,-389,16534,1,-9,1
-37,-386,16520,1,-10,2
-36,-376,16515,1,-9,1
-29,-385,16526,-2,-11,2
-64,-392,16537,0,-10,1
-48,-388,16536,0,-10,1
-28,-369,16520,-2,-11,1
-65,-388,16515,-1,-10,1
-34,-380,16530,-1,-10,1
-55,-390,16534,0,-11,0
-44,-373,16525,-1,-11,0
-34,-402,16530,1,-10,2
-43,-406,16512,0,-10,1
-43,-374,16536,-1,-9,1
-42,-390,16544,0,-8,1
-34,-368,16537,0,-9,1
-44,-371,16530,1,-8,2
-23,-372,16527,1,-10,-1
-38,-377,16517,0,-10,1
-42,-394,16532,-1,-10,2
-61,-398,16521,0,-9,1
-52,-384,16503,-1,-10,0
-46,-381,16521,-1,-10,0
-41,-388,16539,2,-10,2
-38,-375,16527,0,-10,0
-48,-383,16515,0,-12,0
-62,-384,16522,-1,-11,2
-53,-378,16511,0,-9,2
-42,-408,16522,0,-10,1
-42,-381,16532,0,-10,0
-55,-376,16504,-1,-11,1
-51,-391,16530,1,-11,1
-49,-393,16512,1,-9,1
-41,-383,16534,1,-8,2
-23,-387,16530,-1,-8,1
-40,-366,16542,0,-10,1
-38,-387,16507,1,-10,1
-48,-383,16545,2,-9,3
-61,-388,16542,-1,-9,2
-54,-390,16522,0,-9,1
-53,-391,16532,0,-9,0
-23,-387,16519,-1,-10,1
-47,-392,16524,-1,-11,0
-53,-393,16520,-1,-8,2
-53,-387,16501,1,-10,0
-42,-401,16501,1,-11,1
-47,-386,16512,0,-11,-1
-47,-374,16527,-1,-10,3
-38,-375,16524,2,-10,1
-38,-386,16529,-1,-10,1
-30,-377,16526,0,-9,0
-52,-377,16532,0,-11,2
-53,-393,16540,0,-11,1
-44,-391,16532,-1,-9,0
-29,-387,16544,2,-11,1
-44,-383,16540,-1,-9,2
-54,-388,16515,-2,-10,0
-48,-388,16536,1,-12,1
-38,-387,16514,1,-10,2
-48,-382,16508,-1,-10,1
-43,-372,16530,-1,-11,2
-31,-387,16526,-2,-11,1
-53,-374,16519,0,-8,0
-32,-381,16531,0,-10,1
-22,-382,16527,0,-9,2
-56,-397,16541,0,-10,1
-58,-379,16525,-1,-8,1
-48,-391,16528,0,-11,2
-28,-375,16527,-1,-9,1
-44,-398,16524,-2,-10,1
-48,-381,16520,-1,-10,1
-48,-402,16509,0,-9,0
-47,-387,16506,0,-11,2
-38,-378,16525,0,-10,2
-64,-395,16519,1,-10,-1
-35,-389,16510,1,-9,0
-60,-395,16531,-1,-10,0
-69,-398,16504,1,-10,1
-59,-392,16526,-1,-10,1
-49,-386,16507,-2,-9,1
-77,-394,16511,-2,-8,0
-39,-393,16529,0,-10,0
-46,-386,16511,0,-9,1
-58,-387,16533,1,-12,1
-25,-376,16526,0,-8,1
-50,-400,16526,0,-10,2
-50,-389,16540,0,-11,1
-35,-380,16519,0,-10,0
-39,-371,16524,0,-13,2
-62,-393,16524,-1,-11,0
-49,-406,16535,-2,-11,1
-64,-385,16528,0,-10,1
-35,-379,16537,-1,-10,0
-43,-383,16531,2,-9,1
-62,-388,16538,0,-12,1
-39,-371,16524,0,-9,1
-39,-384,16547,0,-11,2
-46,-365,16516,-2,-10,0
-44,-380,16528,1,-11,2
-40,-396,16522,1,-10,1
-47,-365,16527,-1,-11,1
-51,-384,16521,-2,-9,1
-17,-377,16526,0,-11,3
-24,-394,16534,0,-10,1
-32,-386,16513,-1,-9,-1
-35,-373,16554,0,-11,1
-51,-385,16530,0,-10,1
-83,-391,16515,1,-10,1
-43,-373,16518,0,-10,1
-57,-386,16525,0,-10,0
-60,-372,16528,0,-9,0
-36,-393,16518,0,-11,0
-39,-382,16545,-2,-11,1
-44,-407,16530,-1,-10,1
-28,-396,16532,1,-11,0
-50,-387,16513,-2,-9,0
-64,-393,16516,-1,-10,0
-44,-379,16530,-1,-12,1
-45,-379,16520,-1,-9,0
-43,-389,16549,-1,-9,0
-49,-369,16527,-1,-9,1
-34,-386,16533,1,-10,3
-32,-379,16521,0,-10,2
-55,-359,16517,-1,-11,1
-46,-375,16536,0,-11,1
-40,-391,16527,-1,-9,1
-54,-386,16535,-3,-11,1
-72,-389,16528,0,-9,-1
-45,-385,16522,-3,-9,2
-40,-384,16533,-1,-11,1
-48,-387,16533,1,-10,2
-25,-377,16523,0,-10,1
-63,-392,16516,-3,-9,2
-36,-382,16536,-1,-11,1
-51,-386,16518,-2,-10,-1
-54,-383,16530,0,-10,0
-43,-402,16516,2,-10,0
-47,-399,16530,1,-9,1
-34,-376,16543,-2,-9,1
-39,-381,16524,0,-9,0
-48,-389,16515,-1,-10,0
-40,-366,16532,-2,-10,1
-60,-404,16522,-1,-9,2
-53,-391,16532,1,-10,2
-59,-374,16513,0,-11,2
-31,-371,16524,-1,-9,0
-45,-363,16532,2,-12,1
-37,-359,16529,-1,-11,0
-35,-387,16525,1,-10,1
-48,-390,16529,0,-10,1
-47,-393,16516,-2,-10,1
-50,-373,16520,0,-10,1
-38,-388,16542,0,-10,0
-46,-377,16533,0,-11,1
-55,-367,16519,-2,-10,1
-39,-372,16539,0,-10,3
-46,-381,16533,1,-10,1
-18,-377,16550,1,-12,1
-41,-379,16527,1,-9,1
-51,-396,16512,-1,-10,1
-51,-382,16527,2,-10,1
-42,-373,16545,-2,-10,0
-29,-367,16533,-2,-10,2
-39,-387,16539,0,-11,0
-54,-383,16524,0,-9,1
-29,-371,16558,0,-10,1
-31,-382,16542,1,-11,2
-55,-377,16530,2,-9,1
-33,-380,16542,-1,-10,2
-43,-366,16524,0,-9,-1
-39,-375,16539,-1,-11,0
-46,-383,16522,-1,-11,-1
-67,-393,16555,-1,-11,2
-38,-389,16565,-1,-11,1
-23,-360,16559,0,-11,1
-44,-374,16549,0,-11,2
-47,-372,16527,-4,-9,1
-43,-379,16538,0,-9,0
-48,-381,16522,0,-10,1
-36,-388,16527,-1,-11,1
-30,-380,16536,0,-11,1
-47,-379,16536,-2,-9,1
-48,-379,16537,1,-10,-1
-40,-387,16506,0,-11,2
-39,-369,16540,-1,-10,0
-43,-391,16535,-1,-10,0
-33,-369,16550,-2,-11,0
-40,-366,16525,-2,-11,2
-42,-392,16531,0,-11,3
-38,-388,16546,0,-10,1
-34,-369,16525,-1,-10,1
-35,-365,16531,-1,-11,0
-48,-378,16527,-3,-11,1
-44,-379,16521,-1,-11,0
-38,-379,16534,0,-9,2
-52,-387,16523,1,-10,0
-16,-395,16513,1,-10,0
-44,-375,16537,0,-11,1
-60,-397,16512,-2,-11,0
-35,-390,16524,-1,-9,0
-52,-395,16531,0,-9,1
-53,-392,16533,-1,-11,1
-49,-369,16529,1,-9,1
-34,-372,16521,0,-10,1
-20,-391,16544,0,-10,2
-36,-372,16511,-2,-10,2
-52,-389,16524,1,-10,2
-52,-398,16534,1,-9,-1
-62,-367,16519,1,-11,2
-61,-394,16528,-2,-10,2
-52,-389,16542,1,-10,-1
-44,-384,16539,-1,-9,1
-54,-389,16527,-1,-11,0
-36,-365,16537,0,-7,0
-42,-367,16531,-1,-9,1
-43,-375,16523,1,-10,2
-27,-376,16552,-2,-9,1
-25,-379,16517,0,-10,0
-49,-400,16514,-1,-10,3
-41,-373,16529,1,-8,1
-42,-385,16519,-1,-10,2
-39,-388,16533,0,-9,2
-23,-380,16538,-1,-12,1
-30,-369,16535,0,-10,2
-35,-382,16545,-2,-10,1
-41,-404,16533,1,-11,3
-37,-385,16534,2,-9,1
-48,-381,16532,1,-10,3
-37,-370,16537,0,-11,-1
-59,-386,16525,0,-11,2
-17,-366,16523,-2,-10,1
-42,-377,16531,0,-10,1
-54,-373,16526,-1,-10,1
-43,-370,16526,1,-10,1
-21,-404,16525,-1,-9,2
-46,-370,16527,0,-9,0
-34,-382,16525,0,-10,3
-54,-388,16539,0,-10,2
-25,-373,16529,-1,-10,1
-54,-386,16518,1,-11,2
-67,-387,16518,0,-11,2
-37,-373,16525,0,-12,0
-45,-384,16542,-1,-10,1
-52,-388,16527,-1,-11,0
-38,-385,16520,-1,-10,0
-44,-386,16513,0,-11,1
-38,-384,16521,0,-9,2
-38,-388,16522,0,-10,0
-55,-372,16529,0,-9,1
-40,-408,16530,0,-9,1
-67,-389,16527,0,-10,0
-45,-390,16538,-1,-9,0
-56,-399,16525,0,-11,2
-42,-388,16530,-1,-10,1
-33,-382,16527,-1,-10,0
-53,-374,16516,-1,-10,0
-44,-390,16522,-1,-11,1
-52,-367,16524,0,-11,0
-51,-381,16532,1,-8,2
-27,-386,16520,2,-10,1
-15,-395,16520,-2,-11,1
-52,-359,16544,-1,-9,1
-40,-380,16526,-2,-8,1
-28,-386,16526,-1,-8,0
-42,-383,16524,-1,-10,1
-41,-392,16530,0,-11,2
-49,-400,16532,-1,-10,3
-49,-368,16529,1,-9,1
-40,-371,16537,1,-9,0
-45,-361,16538,-1,-9,2
-43,-374,16525,1,-9,2
-36,-412,16518,1,-11,2
-47,-389,16526,1,-10,0
-38,-385,16520,-1,-9,1
-35,-382,16547,-2,-10,0
-17,-379,16546,0,-11,0
-43,-372,16538,-1,-12,1
-48,-379,16525,0,-11,1
-24,-372,16538,-2,-9,1
-41,-378,16530,0,-10,0
-59,-387,16501,0,-11,1
-26,-370,16525,-1,-10,1
-54,-373,16515,-1,-11,2
-36,-375,16530,0,-11,1
-44,-370,16531,-1,-9,2
-42,-384,16536,-1,-11,2
-44,-407,16524,1,-9,0
-60,-388,16530,-2,-10,-1
-37,-376,16523,0,-11,1
-51,-421,16515,1,-10,1
-40,-378,16534,-1,-8,2
-35,-381,16532,1,-10,2
-59,-384,16519,0,-10,1
-33,-382,16528,-1,-9,1
-47,-382,16538,-1,-10,1
-53,-381,16535,-1,-11,1
-39,-380,16521,0,-9,0
-38,-370,16538,2,-12,1
-46,-392,16536,-1,-9,1
-32,-374,16531,-1,-11,1
-56,-395,16526,-1,-11,2
-47,-363,16526,-1,-9,3
-44,-384,16544,-1,-9,1
-28,-381,16519,-1,-10,1
-55,-369,16534,0,-10,0
-50,-375,16532,0,-9,1
-51,-391,16527,1,-11,1
-38,-377,16542,-1,-9,2
-31,-379,16545,0,-10,2
-49,-385,16526,1,-11,1
-56,-373,16549,-1,-10,-1
-30,-367,16532,0,-10,0
-48,-388,16511,-2,-8,0
-28,-384,16541,0,-12,1
-48,-391,16510,0,-11,0
-28,-368,16528,-1,-10,1
-33,-368,16523,1,-10,1
-35,-379,16517,-2,-11,2
-31,-382,16537,-1,-11,1
-19,-378,16527,-1,-10,0
-39,-380,16528,0,-12,2
-41,-372,16526,1,-10,3
-36,-370,16523,-2,-9,1
-48,-389,16547,1,-10,1
-57,-369,16510,0,-10,1
-36,-397,16506,0,-10,0
-57,-382,16525,-3,-9,0
-59,-399,16516,-2,-9,2
-43,-393,16514,1,-9,2
-40,-388,16513,1,-9,1
-56,-371,16518,1,-10,2
-49,-389,16534,1,-10,2
-47,-406,16534,-1,-10,0
-46,-389,16529,1,-11,1
-40,-357,16547,0,-10,-1
-40,-370,16524,2,-12,1
-37,-381,16528,0,-10,1
-59,-395,16531,1,-9,2
-43,-384,16544,-1,-11,0
-52,-379,16538,2,-10,0
-38,-393,16522,0,-10,1
-34,-371,16538,0,-10,0
-48,-400,16541,-1,-10,2
-48,-401,16514,0,-11,1
-39,-369,16540,1,-10,0
-31,-382,16521,-1,-10,1
-35,-365,16553,1,-10,1
-48,-383,16524,-2,-9,2
-47,-392,16539,1,-11,2
-56,-400,16533,1,-9,0
-31,-377,16542,0,-11,2
-18,-381,16535,-1,-8,3
-28,-381,16524,-3,-9,1
-35,-388,16534,1,-10,1
-47,-391,16532,-1,-11,1
-50,-410,16508,-1,-12,-1
-43,-401,16528,0,-11,0
-51,-373,16538,1,-9,2
-40,-380,16534,-1,-11,1
-51,-377,16534,0,-12,2
-41,-384,16528,-1,-10,2
-51,-383,16542,1,-11,1
-19,-378,16541,0,-9,3
-38,-376,16528,1,-10,1
-49,-397,16510,0,-11,0
-42,-378,16533,-1,-7,2
-49,-390,16515,2,-10,1
-64,-391,16522,-2,-11,1
-26,-375,16537,1,-11,-1
-46,-372,16548,-2,-10,0
-58,-388,16519,-1,-11,0
-43,-378,16532,2,-11,0
-50,-361,16543,0,-8,1
-30,-369,16516,2,-11,2
-58,-385,16529,0,-9,1
-62,-373,16542,-1,-10,2
-41,-379,16526,0,-12,2
-21,-367,16531,0,-8,1
-55,-392,16527,0,-11,2
-23,-383,16520,-1,-10,2
-56,-389,16529,1,-10,2
-37,-393,16511,1,-10,2
-47,-382,16523,-1,-9,0
-44,-378,16539,-1,-10,3
-38,-404,16525,-1,-9,0
-47,-376,16525,-1,-10,1
-35,-383,16539,0,-11,1
-38,-372,16511,-2,-11,0
-39,-368,16532,1,-12,1
-33,-376,16527,1,-10,1
-49,-402,16525,-1,-10,1
-38,-392,16528,-2,-11,1
-32,-377,16529,0,-10,2
-30,-381,16524,1,-9,1
-21,-376,16529,2,-10,1
-50,-382,16517,-1,-10,3
-40,-376,16556,0,-11,3
-49,-390,16519,-1,-9,2
-11,-378,16537,1,-11,1
-36,-376,16509,1,-11,2
-52,-403,16525,-1,-11,0
-44,-398,16517,0,-9,2
-56,-390,16517,1,-9,1
-35,-384,16530,-1,-11,-1
-55,-376,16537,-1,-10,1
-50,-406,16519,1,-10,1
-46,-392,16543,0,-9,0
-37,-389,16530,0,-11,1
-39,-377,16528,-1,-10,2
-36,-403,16525,0,-9,0
-52,-377,16555,0,-10,-1
-41,-381,16523,0,-10,1
-30,-374,16536,-1,-10,-1
-36,-379,16532,-1,-9,1
-36,-366,16548,1,-11,2
-35,-373,16549,1,-10,1
-45,-384,16525,0,-10,1
-49,-384,16544,0,-9,1
-39,-389,16533,-2,-9,1
-22,-375,16535,0,-11,-1
-35,-378,16527,0,-10,1
-26,-380,16540,0,-9,0
-31,-383,16534,0,-11,2
-32,-389,16531,0,-9,0
-46,-371,16526,-1,-11,1
-56,-381,16541,-1,-9,2
-27,-375,16529,0,-10,2
-49,-378,16524,-2,-10,2
-41,-381,16524,2,-10,0
-43,-377,16537,1,-11,1
-43,-385,16532,-2,-10,4
-45,-393,16521,-1,-10,1
-33,-373,16546,0,-11,0
-29,-374,16531,0,-10,1
-22,-379,16547,0,-12,0
-62,-389,16520,-1,-10,1
-36,-392,16528,0,-10,0
-46,-379,16529,0,-10,-1
-38,-387,16517,1,-11,2
-44,-372,16526,0,-9,1
-53,-378,16538,-1,-10,-1
-32,-371,16534,0,-12,2
-34,-368,16526,1,-10,1
-30,-378,16544,0,-11,2
-36,-392,16535,1,-10,2
-23,-385,16539,0,-10,0
-41,-383,16535,0,-11,2
-24,-371,16533,0,-10,2
-41,-397,16532,0,-11,1
-38,-386,16549,1,-9,2
-33,-380,16546,-1,-11,1
-33,-393,16529,-1,-10,2
-25,-381,16525,1,-10,1
-29,-382,16529,0,-10,1
-44,-400,16529,-1,-9,1
-25,-385,16513,-1,-11,1
-40,-379,16529,-1,-11,-1
-48,-373,16536,1,-10,1
-39,-378,16523,0,-10,3
-47,-401,16526,-2,-11,-1
-49,-382,16518,1,-11,0
-26,-380,16530,-1,-10,-1
-55,-377,16522,-1,-9,2
-43,-371,16544,-2,-10,2
-37,-403,16536,1,-10,1
-42,-380,16529,1,-11,3
-36,-371,16541,0,-11,0
-39,-372,16525,1,-10,1
-55,-386,16533,0,-11,2
-42,-392,16531,-1,-8,1
-32,-370,16550,-2,-10,1
-40,-381,16522,1,-10,0
-48,-377,16528,-2,-8,0
-28,-372,16552,0,-10,1
-42,-362,16541,1,-11,2
-27,-390,16520,0,-9,-1
-34,-377,16547,0,-9,0
-48,-385,16536,1,-10,1
-37,-385,16520,-2,-10,0
-25,-393,16519,1,-9,2
-58,-389,16521,-1,-10,-1
-43,-388,16526,0,-9,0
-30,-386,16527,0,-10,0
-51,-380,16539,1,-10,1
-25,-391,16547,0,-9,0
-46,-387,16541,0,-9,0
-45,-367,16544,1,-10,2
-20,-381,16537,0,-10,0
-29,-368,16530,0,-10,1
-35,-367,16539,-3,-10,1
-68,-366,16524,-1,-10,1
-29,-386,16516,-1,-9,1
-29,-393,16512,1,-9,1
-33,-377,16503,0,-9,0
-55,-387,16546,-1,-10,0
-55,-382,16518,0,-11,1
-40,-381,16514,0,-9,2
-45,-386,16542,-1,-11,0
-44,-376,16542,0,-10,0
-34,-381,16533,0,-10,1
-35,-369,16540,1,-10,2
-29,-387,16549,1,-11,2
-51,-391,16529,-2,-9,0
-42,-393,16533,-1,-11,3
-37,-400,16521,-1,-10,0
-35,-384,16530,1,-9,0
-23,-390,16536,0,-9,1
-37,-373,16521,0,-10,2
-30,-390,16535,0,-11,1
-39,-375,16530,-1,-12,-1
-36,-383,16532,1,-11,1
